year,month,municipality,turnover_eur,num_taxpayers
2025.0,11.0,FERIZAJ,10945.75,1.0
2024.0,1.0,FERIZAJ,0.0,1.0
2019.0,7.0,VUSHTRRI,25928.11,2.0
2021.0,6.0,GJAKOVË,11257.0,9.0
2019.0,4.0,GLLOGOC,4387.16,1.0
2025.0,7.0,PEJË,55770.08,3.0
2020.0,10.0,VITI,43779.66,2.0
2024.0,8.0,GJILAN,0.0,3.0
2021.0,4.0,ISTOG,2436.11,1.0
2023.0,12.0,PRIZREN,54718.96,9.0
2023.0,9.0,OBILIQ,2441.0,2.0
2019.0,3.0,MITROVICË VERIORE,1541.49,1.0
2019.0,4.0,PRISHTINË,0.0,1.0
2023.0,11.0,SHTIME,544876.47,1.0
2020.0,5.0,GJAKOVË,0.0,1.0
2019.0,12.0,FERIZAJ,4927.74,3.0
2021.0,12.0,SHTIME,41949.19,1.0
2023.0,5.0,FUSHË KOSOVË,2661.95,2.0
2023.0,11.0,FERIZAJ,2473054.51,2.0
2021.0,5.0,PODUJEVË,9191.17,3.0
2021.0,2.0,PRIZREN,149847.03,42.0
2022.0,6.0,KLINË,14395.12,2.0
2022.0,11.0,GLLOGOC,7001.63,1.0
2020.0,11.0,PRIZREN,208982.62,2.0
2019.0,8.0,LEPOSAVIQ,6731.41,1.0
2020.0,7.0,ISTOG,0.0,1.0
2022.0,11.0,KLINË,9580.09,3.0
2022.0,4.0,PRIZREN,943779.49,14.0
2020.0,12.0,PRIZREN,119290.0,7.0
2022.0,6.0,MALISHEVË,0.0,1.0
2021.0,3.0,FERIZAJ,20590.85,182.0
2024.0,3.0,SKENDERAJ,950.0,3.0
2022.0,12.0,LIPJAN,70390.24,3.0
2023.0,3.0,SHTIME,5432.2,6.0
2021.0,1.0,PRISHTINË,0.0,1.0
2022.0,5.0,MITROVICË VERIORE,0.0,1.0
2021.0,5.0,RAHOVEC,4541.52,1.0
2019.0,5.0,GJILAN,5244.05,1.0
2020.0,10.0,PRISHTINË,131625.02,10.0
2022.0,9.0,FUSHË KOSOVË,0.0,4.0
2025.0,3.0,SKENDERAJ,1225.0,3.0
2019.0,8.0,PRIZREN,7070.71,2.0
2025.0,6.0,FERIZAJ,100.0,2.0
2020.0,12.0,SHTIME,18080.0,4.0
2024.0,7.0,SKENDERAJ,51728.88,1.0
2020.0,11.0,FERIZAJ,595277.66,8.0
2020.0,12.0,SUHAREKË,12052.5,1.0
2019.0,2.0,FERIZAJ,1414.57,1.0
2019.0,3.0,FERIZAJ,395.0,1.0
2020.0,5.0,GJILAN,213660.17,10.0
2023.0,3.0,PEJË,0.0,3.0
2025.0,8.0,PRIZREN,10860.28,5.0
2021.0,1.0,FERIZAJ,0.0,2.0
2019.0,11.0,GRAÇANICË,1353875.73,3.0
2025.0,6.0,KLLOKOT,5125.0,1.0
2020.0,11.0,DEÇAN,4000.01,2.0
2024.0,9.0,PEJË,523486.46,21.0
2025.0,11.0,MITROVICË,3998813.6,56.0
2024.0,10.0,OBILIQ,0.0,1.0
2021.0,2.0,MALISHEVË,244797.17,6.0
2020.0,9.0,FUSHË KOSOVË,46798.13,4.0
2019.0,11.0,PRISHTINË,113082.75,2.0
2020.0,3.0,HANI I ELEZIT,0.0,1.0
2019.0,6.0,MITROVICË VERIORE,800.0,1.0
2019.0,12.0,NOVOBËRDË,3766.05,1.0
2024.0,10.0,MITROVICË,167141.52,1.0
2019.0,4.0,RAHOVEC,368.64,1.0
2021.0,6.0,PRIZREN,3598.78,1.0
2022.0,2.0,GJAKOVË,12794.35,1.0
2021.0,10.0,RAHOVEC,22123.94,2.0
2021.0,5.0,HANI I ELEZIT,47618.64,1.0
2019.0,10.0,PRISHTINË,2831.73,3.0
2025.0,12.0,GLLOGOC,43718.64,1.0
2019.0,4.0,RAHOVEC,0.0,2.0
2019.0,6.0,SUHAREKË,0.0,1.0
2021.0,6.0,FUSHË KOSOVË,58495.41,5.0
2020.0,1.0,VUSHTRRI,801.06,1.0
2019.0,4.0,SUHAREKË,6199.7,1.0
2024.0,6.0,FERIZAJ,33693.02,6.0
2023.0,12.0,PRISHTINË,12091394.13,424.0
2025.0,10.0,ISTOG,0.0,1.0
2020.0,3.0,FERIZAJ,1313942.2,5.0
2023.0,11.0,PRIZREN,4877.0,2.0
2019.0,8.0,ISTOG,68070.0,2.0
2022.0,2.0,MITROVICË VERIORE,7214.74,1.0
2024.0,12.0,DEÇAN,14710.8,5.0
2025.0,3.0,GLLOGOC,79504.42,4.0
2019.0,12.0,GJAKOVË,462217.91,2.0
2024.0,12.0,GJILAN,6985.0,2.0
2022.0,7.0,VUSHTRRI,6000.0,1.0
2021.0,11.0,GLLOGOC,593.22,2.0
2021.0,8.0,FERIZAJ,5246.9,1.0
2020.0,8.0,PRISHTINË,311217.52,5.0
2021.0,2.0,VUSHTRRI,53686.78,2.0
2024.0,11.0,GRAÇANICË,15705.4,1.0
2022.0,11.0,DEÇAN,9944.92,1.0
2022.0,1.0,MITROVICË,4237.29,2.0
2024.0,4.0,GJILAN,721.26,1.0
2020.0,8.0,GLLOGOC,26774.13,4.0
2019.0,9.0,FERIZAJ,2590.0,2.0
2022.0,4.0,PRIZREN,863.12,2.0
2019.0,10.0,GJAKOVË,4498.72,1.0
2023.0,3.0,PRISHTINË,102655.97,2.0
2019.0,6.0,PODUJEVË,0.0,1.0
2024.0,2.0,PRIZREN,794866.07,3.0
2023.0,4.0,PRIZREN,0.0,5.0
2025.0,5.0,MALISHEVË,28808.49,9.0
2024.0,4.0,FUSHË KOSOVË,209608.4,5.0
2025.0,10.0,PRISHTINË,1283.9,1.0
2024.0,6.0,LEPOSAVIQ,0.0,1.0
2021.0,1.0,VUSHTRRI,31618.23,3.0
2024.0,2.0,PODUJEVË,6656.78,3.0
2019.0,11.0,PEJË,35023.55,6.0
2024.0,10.0,KAÇANIK,8782.85,5.0
2022.0,7.0,PRIZREN,2930.0,1.0
2025.0,1.0,KLINË,7548.41,3.0
2020.0,5.0,PRIZREN,211278.18,3.0
2019.0,11.0,DEÇAN,28270.83,1.0
2023.0,4.0,GJILAN,3331.38,1.0
2020.0,1.0,KLINË,0.0,1.0
2022.0,1.0,ISTOG,3716.11,1.0
2024.0,3.0,FERIZAJ,56996.58,4.0
2024.0,10.0,PRIZREN,172.88,2.0
2025.0,3.0,ISTOG,18600.0,2.0
2021.0,4.0,PRISHTINË,262363.3,9.0
2025.0,12.0,GRAÇANICË,34124.47,1.0
2020.0,10.0,MITROVICË,9027.95,1.0
2019.0,9.0,OBILIQ,75780.17,1.0
2022.0,12.0,PRIZREN,26689.96,1.0
2022.0,8.0,VUSHTRRI,97192.91,6.0
2020.0,7.0,ISTOG,644.07,1.0
2025.0,9.0,PRIZREN,0.0,1.0
2020.0,9.0,PRISHTINË,0.0,1.0
2020.0,4.0,FUSHË KOSOVË,4726.21,1.0
2025.0,2.0,PRISHTINË,129176.8,13.0
2022.0,7.0,MITROVICË,22017.59,2.0
2022.0,9.0,PODUJEVË,31922.07,5.0
2021.0,9.0,PRISHTINË,2724.62,3.0
2021.0,8.0,SKENDERAJ,41974.88,1.0
2024.0,5.0,GLLOGOC,171830.25,3.0
2025.0,5.0,SUHAREKË,173462.71,4.0
2022.0,8.0,DRAGASH,0.0,2.0
2021.0,3.0,MITROVICË,1805.0,2.0
2022.0,8.0,FERIZAJ,1771.19,1.0
2023.0,6.0,VUSHTRRI,204778.12,6.0
2022.0,1.0,PRISHTINË,796.61,2.0
2023.0,2.0,SKENDERAJ,64567.52,1.0
2022.0,10.0,PODUJEVË,6410.0,1.0
2022.0,5.0,RAHOVEC,296.61,1.0
2021.0,9.0,PODUJEVË,86924.97,19.0
2025.0,6.0,KLINË,3377.0,1.0
2020.0,9.0,FERIZAJ,2250.0,1.0
2023.0,3.0,MITROVICË,809.0,1.0
2020.0,2.0,FUSHË KOSOVË,80583.74,4.0
2024.0,5.0,OBILIQ,4914.91,2.0
2021.0,6.0,GJILAN,196475.43,2.0
2020.0,10.0,GRAÇANICË,81778.75,4.0
2020.0,6.0,PRISHTINË,6048.48,2.0
2025.0,7.0,GJAKOVË,0.0,2.0
2020.0,9.0,ISTOG,5585.0,1.0
2025.0,3.0,RAHOVEC,354021.24,6.0
2024.0,5.0,FERIZAJ,102680.04,4.0
2024.0,12.0,VUSHTRRI,47817.05,9.0
2020.0,7.0,FUSHË KOSOVË,494.92,1.0
2020.0,8.0,MALISHEVË,5397.54,2.0
2023.0,9.0,FUSHË KOSOVË,21718.64,7.0
2019.0,7.0,OBILIQ,316150.2,2.0
2024.0,2.0,GLLOGOC,1552.97,1.0
2023.0,9.0,FUSHË KOSOVË,0.0,1.0
2019.0,3.0,PRISHTINË,0.0,6.0
2023.0,5.0,PEJË,0.0,1.0
2024.0,7.0,PRIZREN,748982.82,3.0
2020.0,10.0,RAHOVEC,8245.42,1.0
2020.0,8.0,DEÇAN,4407.64,2.0
2020.0,2.0,ZVEÇAN,0.0,1.0
2022.0,3.0,LIPJAN,0.0,2.0
2019.0,12.0,GJAKOVË,163063.57,7.0
2025.0,8.0,PEJË,12712.71,5.0
2019.0,6.0,FUSHË KOSOVË,10020.0,2.0
2023.0,7.0,OBILIQ,0.0,1.0
2023.0,3.0,VUSHTRRI,25106.45,8.0
2023.0,10.0,PEJË,331838.28,14.0
2020.0,2.0,OBILIQ,444.0,1.0
2025.0,1.0,SKENDERAJ,1432.2,1.0
2020.0,8.0,PODUJEVË,8857.23,2.0
2024.0,10.0,FERIZAJ,192340.68,1.0
2021.0,10.0,RAHOVEC,52652.91,3.0
2023.0,10.0,PRISHTINË,87568.47,9.0
2021.0,5.0,VITI,7413.03,1.0
2021.0,11.0,GJAKOVË,65358.53,2.0
2023.0,10.0,OBILIQ,0.0,3.0
2022.0,12.0,MITROVICË,1266.0,1.0
2019.0,1.0,PRISHTINË,26530.38,2.0
2023.0,11.0,GJAKOVË,1771.0,1.0
2021.0,8.0,PRIZREN,10097.1,1.0
2020.0,2.0,SUHAREKË,11414.35,3.0
2019.0,4.0,FERIZAJ,42032.8,7.0
2024.0,4.0,VITI,0.0,1.0
2024.0,10.0,PRIZREN,2780845.0,3.0
2020.0,7.0,OBILIQ,5606.85,1.0
2023.0,9.0,GRAÇANICË,190092.93,2.0
2024.0,4.0,RAHOVEC,367519.5,14.0
2022.0,10.0,ZVEÇAN,542310.48,2.0
2024.0,7.0,LIPJAN,50728.74,2.0
2024.0,2.0,MITROVICË,5557.88,1.0
2020.0,3.0,GJAKOVË,2150.0,3.0
2023.0,7.0,PEJË,19743.89,2.0
2023.0,2.0,GJAKOVË,76240.81,3.0
2023.0,2.0,PRIZREN,134123.05,9.0
2025.0,6.0,KLINË,1940.0,1.0
2025.0,12.0,PRIZREN,13283.7,4.0
2023.0,7.0,FUSHË KOSOVË,165.26,3.0
2021.0,4.0,PRISHTINË,26745.1,3.0
2024.0,3.0,DRAGASH,0.0,1.0
2024.0,6.0,SHTIME,18498.81,6.0
2020.0,6.0,KLINË,0.0,2.0
2022.0,8.0,LIPJAN,5971.42,3.0
2020.0,5.0,PRISHTINË,0.0,2.0
2022.0,12.0,PRISHTINË,53208.29,1.0
2022.0,3.0,PODUJEVË,31943.52,2.0
2025.0,8.0,KLLOKOT,50791.03,1.0
2024.0,8.0,RAHOVEC,1691.04,1.0
2024.0,11.0,PRIZREN,31231.27,1.0
2024.0,9.0,VUSHTRRI,4576.5,1.0
2020.0,8.0,VUSHTRRI,7293.55,1.0
2021.0,12.0,SKENDERAJ,10251.65,2.0
2023.0,6.0,GJILAN,0.0,1.0
2019.0,6.0,FERIZAJ,0.0,2.0
2020.0,4.0,ISTOG,17923.73,3.0
2022.0,7.0,SUHAREKË,51277.27,8.0
2020.0,11.0,FERIZAJ,32984.61,4.0
2019.0,9.0,PRISHTINË,0.0,2.0
2024.0,11.0,PRIZREN,42201.43,2.0
2022.0,9.0,KLINË,7757.2,1.0
2024.0,8.0,SHTIME,25425.45,2.0
2021.0,2.0,PRISHTINË,0.0,1.0
2024.0,1.0,PEJË,49171.89,4.0
2022.0,2.0,PRISHTINË,3403746.83,46.0
2025.0,12.0,MALISHEVË,26215.08,5.0
2024.0,1.0,SKENDERAJ,1560.0,1.0
2020.0,11.0,PRISHTINË,0.0,1.0
2021.0,4.0,PRISHTINË,30797.22,4.0
2019.0,6.0,SKENDERAJ,12823.75,8.0
2024.0,1.0,OBILIQ,131881.46,2.0
2019.0,10.0,ISTOG,0.0,2.0
2022.0,2.0,KLINË,985.0,2.0
2022.0,11.0,KLINË,0.0,1.0
2024.0,5.0,GJILAN,70621.43,4.0
2019.0,5.0,FUSHË KOSOVË,733.49,3.0
2019.0,10.0,FERIZAJ,1824.58,1.0
2023.0,2.0,DRAGASH,63791.7,1.0
2021.0,2.0,MALISHEVË,0.0,1.0
2021.0,1.0,FERIZAJ,102589.14,2.0
2019.0,10.0,PRISHTINË,10418.92,2.0
2024.0,2.0,SKENDERAJ,711.36,1.0
2025.0,1.0,PRISHTINË,81817.76,1.0
2020.0,3.0,LIPJAN,46153.3,2.0
2021.0,12.0,PRIZREN,105207.86,19.0
2020.0,6.0,MITROVICË,2927.37,2.0
2025.0,10.0,LIPJAN,15692.54,2.0
2021.0,10.0,PRIZREN,23714.96,4.0
2020.0,12.0,GJAKOVË,0.0,2.0
2024.0,11.0,PODUJEVË,0.0,1.0
2022.0,7.0,ISTOG,0.0,1.0
2022.0,10.0,PRISHTINË,0.0,1.0
2023.0,6.0,KAMENICË,0.0,1.0
2022.0,2.0,FUSHË KOSOVË,0.0,1.0
2022.0,4.0,SUHAREKË,4083.32,1.0
2024.0,4.0,FERIZAJ,22689.28,3.0
2021.0,8.0,SKENDERAJ,42864.62,2.0
2022.0,5.0,PRIZREN,1765.9,2.0
2023.0,5.0,PRIZREN,45602.5,1.0
2022.0,8.0,OBILIQ,22775.95,1.0
2023.0,11.0,VUSHTRRI,21186.44,2.0
2020.0,8.0,GJAKOVË,0.0,2.0
2019.0,3.0,FERIZAJ,481.0,3.0
2019.0,3.0,PRISHTINË,0.0,1.0
2020.0,5.0,FUSHË KOSOVË,11589.99,1.0
2021.0,5.0,PRISHTINË,67141.19,3.0
2019.0,10.0,PEJË,326152.6,1.0
2025.0,5.0,FERIZAJ,15284.05,4.0
2024.0,1.0,PRISHTINË,319835.0,1.0
2019.0,1.0,MITROVICË,59481.56,1.0
2023.0,10.0,FERIZAJ,102763.43,6.0
2022.0,6.0,FUSHË KOSOVË,4620.0,1.0
2025.0,1.0,VITI,17853.47,2.0
2022.0,10.0,PODUJEVË,5812.03,2.0
2023.0,11.0,FUSHË KOSOVË,4002.07,1.0
2023.0,7.0,FUSHË KOSOVË,142865.52,3.0
2025.0,3.0,GJAKOVË,78109.63,14.0
2021.0,6.0,DEÇAN,1260.0,2.0
2025.0,11.0,PRIZREN,285989.16,11.0
2021.0,6.0,FERIZAJ,5847.5,4.0
2025.0,10.0,SUHAREKË,759.92,1.0
2019.0,7.0,DRAGASH,2211.86,1.0
2023.0,6.0,PRISHTINË,596831.05,1.0
2021.0,10.0,MALISHEVË,72428.62,3.0
2024.0,12.0,RAHOVEC,0.0,6.0
2023.0,8.0,PRIZREN,0.0,1.0
2025.0,8.0,MALISHEVË,0.0,1.0
2023.0,11.0,KLLOKOT,1496916.9,1.0
2024.0,9.0,MITROVICË VERIORE,4356.5,2.0
2020.0,4.0,KLLOKOT,6264.5,1.0
2025.0,12.0,VUSHTRRI,3579.7,1.0
2022.0,11.0,KAÇANIK,0.0,1.0
2023.0,12.0,PRIZREN,2471.52,1.0
2024.0,5.0,SHTIME,8950.0,1.0
2019.0,5.0,MITROVICË VERIORE,1100.0,1.0
2019.0,5.0,KAMENICË,49863.41,1.0
2023.0,9.0,FUSHË KOSOVË,2085.82,4.0
2020.0,3.0,PRIZREN,4323.25,2.0
2019.0,1.0,FERIZAJ,828267.42,2.0
2021.0,10.0,PRIZREN,43704.5,2.0
2025.0,10.0,SHTIME,553375.99,4.0
2020.0,8.0,GJILAN,6343.21,2.0
2021.0,4.0,GRAÇANICË,127118.64,1.0
2023.0,5.0,FUSHË KOSOVË,80373.42,4.0
2025.0,4.0,MITROVICË,33898.3,2.0
2022.0,12.0,RAHOVEC,77845.0,2.0
2025.0,9.0,OBILIQ,2102365.62,2.0
2023.0,2.0,FERIZAJ,993.75,1.0
2024.0,11.0,VITI,0.0,1.0
2021.0,12.0,PRISHTINË,0.0,2.0
2022.0,6.0,KLINË,84504.91,1.0
2025.0,7.0,GLLOGOC,17685.18,1.0
2022.0,3.0,PRISHTINË,123945.0,2.0
2023.0,3.0,GJAKOVË,0.0,1.0
2020.0,7.0,PODUJEVË,2188399.0,11.0
2024.0,8.0,KAMENICË,27490.57,3.0
2020.0,4.0,RAHOVEC,3410.16,2.0
2021.0,4.0,DRAGASH,40455.24,1.0
2019.0,1.0,GJAKOVË,1658.9,2.0
2019.0,1.0,GJAKOVË,217226.22,16.0
2020.0,9.0,PRIZREN,413178.54,5.0
2025.0,5.0,GRAÇANICË,6084.75,1.0
2021.0,7.0,MALISHEVË,4677.96,1.0
2023.0,2.0,VUSHTRRI,1853.85,4.0
2020.0,3.0,KAÇANIK,450.0,3.0
2025.0,4.0,GRAÇANICË,0.0,1.0
2019.0,2.0,LIPJAN,25487.57,1.0
2025.0,9.0,ZVEÇAN,0.0,1.0
2021.0,1.0,PRIZREN,5605.93,1.0
2023.0,10.0,LIPJAN,6984.59,2.0
2023.0,7.0,VITI,65558.06,4.0
2022.0,8.0,PRIZREN,3940.68,1.0
2021.0,7.0,LIPJAN,384145.93,5.0
2023.0,4.0,FUSHË KOSOVË,5015889.2,3.0
2022.0,1.0,GJILAN,5020.34,6.0
2025.0,2.0,DEÇAN,16953.99,1.0
2021.0,3.0,FERIZAJ,3721.82,5.0
2020.0,6.0,PRIZREN,12766.06,2.0
2020.0,8.0,FERIZAJ,3156.95,1.0
2019.0,2.0,OBILIQ,3201.85,5.0
2020.0,11.0,PRIZREN,55320.16,2.0
2022.0,5.0,PRIZREN,3267.62,2.0
2019.0,4.0,GLLOGOC,9363.04,1.0
2020.0,10.0,SKENDERAJ,97301.19,6.0
2019.0,8.0,GJILAN,6272.03,1.0
2023.0,8.0,KLINË,9322.04,3.0
2019.0,4.0,SKENDERAJ,663.15,1.0
2021.0,12.0,PODUJEVË,0.0,1.0
2020.0,3.0,PRISHTINË,1341370.59,383.0
2019.0,9.0,RAHOVEC,6949.06,1.0
2024.0,4.0,GJAKOVË,21745.8,2.0
2025.0,3.0,PEJË,17058.17,3.0
2025.0,7.0,KLINË,19448.64,1.0
2019.0,5.0,GRAÇANICË,55697.57,2.0
2024.0,6.0,GLLOGOC,5760.3,2.0
2023.0,4.0,ISTOG,9422.22,1.0
2023.0,2.0,PEJË,83974.58,1.0
2022.0,3.0,DRAGASH,18506.82,1.0
2025.0,4.0,KAMENICË,52670.48,1.0
2025.0,1.0,PEJË,15271.07,2.0
2022.0,2.0,PRISHTINË,2000.0,1.0
2022.0,3.0,GJILAN,0.0,2.0
2021.0,5.0,GJAKOVË,107950.37,2.0
2024.0,11.0,DEÇAN,45924.83,9.0
2020.0,10.0,LEPOSAVIQ,0.0,1.0
2024.0,5.0,LIPJAN,304116.72,6.0
2020.0,10.0,FUSHË KOSOVË,0.0,1.0
2023.0,8.0,PRISHTINË,1834.58,3.0
2025.0,10.0,LIPJAN,1951.05,1.0
2022.0,1.0,FERIZAJ,8022.08,1.0
2023.0,11.0,GLLOGOC,90495.05,1.0
2023.0,2.0,PRIZREN,154596.64,6.0
2024.0,3.0,GLLOGOC,49673.06,26.0
2019.0,5.0,KAÇANIK,0.0,2.0
2023.0,2.0,OBILIQ,38074.41,1.0
2019.0,7.0,KLINË,3101.7,1.0
2023.0,12.0,MITROVICË,7607.7,5.0
2022.0,7.0,FERIZAJ,21717.79,6.0
2020.0,12.0,KAÇANIK,95816.95,1.0
2024.0,5.0,SUHAREKË,0.0,1.0
2020.0,7.0,RAHOVEC,109191.08,8.0
2021.0,5.0,GRAÇANICË,17985.89,2.0
2025.0,6.0,HANI I ELEZIT,458.71,1.0
2020.0,12.0,OBILIQ,73970.65,1.0
2021.0,5.0,VITI,220103.13,2.0
2022.0,11.0,OBILIQ,78470.61,4.0
2021.0,12.0,GRAÇANICË,619201.07,1.0
2021.0,9.0,GJAKOVË,23580.82,13.0
2025.0,5.0,GRAÇANICË,1299651.79,1.0
2020.0,1.0,PRISHTINË,0.0,3.0
2025.0,5.0,PEJË,660372.62,21.0
2021.0,6.0,FUSHË KOSOVË,9579.86,2.0
2019.0,8.0,SUHAREKË,13124.13,2.0
2021.0,1.0,PRISHTINË,53498.11,6.0
2020.0,4.0,GRAÇANICË,56819.11,1.0
2023.0,1.0,SUHAREKË,17626.0,2.0
2022.0,8.0,FUSHË KOSOVË,16956.61,3.0
2022.0,5.0,SKENDERAJ,30084.75,3.0
2021.0,9.0,FERIZAJ,186522.1,7.0
2023.0,1.0,GJAKOVË,56711.8,5.0
2020.0,6.0,GJILAN,352502.55,9.0
2021.0,9.0,PEJË,17480.0,1.0
2022.0,9.0,FUSHË KOSOVË,1540.0,6.0
2020.0,11.0,SKENDERAJ,3329.91,1.0
2022.0,11.0,DRAGASH,450508.88,2.0
2022.0,2.0,GJAKOVË,3759.0,1.0
2021.0,8.0,LIPJAN,6587.74,1.0
2020.0,1.0,VUSHTRRI,171587.0,1.0
2019.0,10.0,GJAKOVË,0.0,1.0
2025.0,10.0,PRISHTINË,30073.4,1.0
2023.0,1.0,LIPJAN,34204.94,1.0
2022.0,4.0,SHTIME,0.0,2.0
2019.0,6.0,KAÇANIK,2503.0,1.0
2023.0,6.0,SHTIME,696.0,1.0
2024.0,1.0,FUSHË KOSOVË,97712.62,7.0
2023.0,5.0,DEÇAN,20956.71,2.0
2019.0,2.0,MITROVICË VERIORE,1096.57,2.0
2022.0,1.0,MITROVICË,32922.79,2.0
2019.0,12.0,KLINË,60529.1,3.0
2020.0,5.0,MITROVICË,159944.31,5.0
2020.0,9.0,LIPJAN,15887.06,5.0
2021.0,7.0,GJAKOVË,3925.0,1.0
2020.0,12.0,PRISHTINË,587350.77,201.0
2020.0,11.0,PRISHTINË,5168.5,1.0
2020.0,8.0,LIPJAN,4696.85,1.0
2024.0,7.0,PRIZREN,0.0,1.0
2019.0,7.0,LEPOSAVIQ,642.28,1.0
2021.0,8.0,KAMENICË,305787.13,2.0
2025.0,1.0,PRISHTINË,8802.73,2.0
2024.0,4.0,GJAKOVË,104004.92,8.0
2023.0,5.0,FERIZAJ,13481.26,1.0
2024.0,6.0,VITI,700.0,2.0
2022.0,7.0,SUHAREKË,0.0,1.0
2023.0,8.0,SHTIME,69462.38,4.0
2023.0,5.0,MITROVICË,19836.82,3.0
2022.0,12.0,DEÇAN,0.0,1.0
2019.0,5.0,PEJË,5929.83,1.0
2023.0,7.0,LIPJAN,0.0,4.0
2023.0,4.0,KAÇANIK,0.0,1.0
2022.0,3.0,PRISHTINË,35848.31,3.0
2025.0,4.0,DRAGASH,1016.95,1.0
2025.0,5.0,KAÇANIK,917.91,1.0
2020.0,9.0,OBILIQ,7008.64,2.0
2020.0,5.0,GRAÇANICË,4951813.86,2.0
2024.0,7.0,FERIZAJ,-680.0,1.0
2024.0,12.0,KAÇANIK,2397.0,1.0
2020.0,9.0,PRISHTINË,1035429.69,31.0
2022.0,1.0,GJILAN,15025.76,2.0
2020.0,3.0,PRIZREN,6182.69,4.0
2021.0,3.0,GJILAN,2158653.67,3.0
2020.0,4.0,PRISHTINË,2133313.56,1.0
2023.0,9.0,MALISHEVË,7940.9,1.0
2021.0,9.0,SHTËRPCË,0.0,1.0
2023.0,2.0,GJILAN,216232.6,1.0
2020.0,9.0,KAMENICË,0.0,1.0
2025.0,6.0,DRAGASH,1825.0,2.0
2025.0,5.0,KLINË,91000.0,1.0
2023.0,6.0,PARTESH,2200.0,1.0
2024.0,4.0,PRISHTINË,1302941.6,55.0
2025.0,8.0,FUSHË KOSOVË,244733.03,7.0
2020.0,5.0,PRIZREN,16026.09,2.0
2023.0,5.0,KLINË,12.71,2.0
2022.0,5.0,KAMENICË,8110.66,2.0
2019.0,5.0,SHTIME,13639.62,3.0
2019.0,7.0,GJILAN,5025.25,1.0
2022.0,2.0,KAMENICË,18004.79,1.0
2019.0,3.0,GRAÇANICË,25848.21,1.0
2023.0,12.0,RAHOVEC,48517.66,4.0
2022.0,4.0,SUHAREKË,7002.37,2.0
2021.0,7.0,PRISHTINË,33292.95,1.0
2021.0,7.0,FERIZAJ,17568.97,2.0
2020.0,6.0,KLINË,3389.85,1.0
2020.0,2.0,GJILAN,994.91,2.0
2022.0,4.0,LIPJAN,19034.94,1.0
2023.0,10.0,DEÇAN,154.24,4.0
2022.0,5.0,PRIZREN,2566.95,1.0
2021.0,1.0,SUHAREKË,92407.08,6.0
2023.0,9.0,GJILAN,32924.57,16.0
2019.0,6.0,PODUJEVË,9121.06,3.0
2019.0,6.0,PRISHTINË,863612.98,3.0
2022.0,1.0,PEJË,0.0,2.0
2019.0,6.0,PRIZREN,23586.0,2.0
2021.0,7.0,GJILAN,1677.87,1.0
2025.0,8.0,PODUJEVË,105703.0,3.0
2022.0,7.0,PRISHTINË,10115.34,1.0
2025.0,11.0,ZVEÇAN,2686.65,1.0
2025.0,4.0,GJILAN,47191.22,3.0
2023.0,3.0,PODUJEVË,7879.55,8.0
2021.0,6.0,MITROVICË,243396.09,1.0
2022.0,2.0,PRISHTINË,0.0,1.0
2025.0,4.0,PRISHTINË,82448.21,10.0
2025.0,3.0,FUSHË KOSOVË,5339.72,12.0
2020.0,12.0,SUHAREKË,40580.99,22.0
2020.0,2.0,DEÇAN,5241.54,1.0
2021.0,8.0,MALISHEVË,0.0,1.0
2022.0,5.0,MITROVICË,1037.61,1.0
2019.0,1.0,KAMENICË,10765.08,3.0
2020.0,9.0,PRIZREN,611631.57,15.0
2022.0,10.0,SUHAREKË,0.0,1.0
2021.0,4.0,DRAGASH,2664.19,1.0
2025.0,12.0,GLLOGOC,0.0,1.0
2025.0,1.0,GJILAN,12382.4,3.0
2025.0,2.0,VITI,0.0,1.0
2019.0,7.0,MITROVICË,8381.36,1.0
2022.0,1.0,PRIZREN,508.47,1.0
2022.0,6.0,KAMENICË,4175.0,3.0
2019.0,5.0,MITROVICË VERIORE,0.0,1.0
2020.0,7.0,PRIZREN,4633.79,3.0
2025.0,2.0,GJAKOVË,25424.53,5.0
2020.0,4.0,SHTËRPCË,11960.45,1.0
2020.0,3.0,DRAGASH,1721.0,1.0
2019.0,10.0,MALISHEVË,47798.0,7.0
2025.0,7.0,PRISHTINË,263577.36,21.0
2021.0,1.0,PRISHTINË,295457.41,3.0
2019.0,8.0,GRAÇANICË,2113.81,1.0
2023.0,8.0,FUSHË KOSOVË,83419.83,2.0
2020.0,5.0,VUSHTRRI,3692.14,2.0
2025.0,9.0,PODUJEVË,0.0,2.0
2019.0,1.0,GRAÇANICË,0.0,1.0
2021.0,7.0,PRISHTINË,15983.05,2.0
2024.0,1.0,OBILIQ,5738.85,2.0
2021.0,3.0,GLLOGOC,1646.0,3.0
2024.0,8.0,PRISHTINË,16128.84,7.0
2021.0,8.0,RAHOVEC,0.0,1.0
2025.0,9.0,PEJË,0.0,2.0
2019.0,10.0,OBILIQ,1473598.49,1.0
2021.0,11.0,HANI I ELEZIT,1217.97,1.0
2025.0,6.0,MITROVICË VERIORE,20876.86,8.0
2022.0,1.0,DEÇAN,46021.23,1.0
2019.0,12.0,PRIZREN,243.22,1.0
2025.0,10.0,DEÇAN,276479.88,18.0
2025.0,2.0,MALISHEVË,2821.18,1.0
2022.0,4.0,GJAKOVË,1288.07,5.0
2025.0,12.0,PRISHTINË,9194.92,1.0
2019.0,1.0,PEJË,2283.6,1.0
2022.0,4.0,PEJË,64396.05,2.0
2023.0,11.0,FERIZAJ,30331.14,3.0
2020.0,12.0,MAMUSHË,0.0,1.0
2020.0,10.0,GLLOGOC,110563.71,3.0
2023.0,1.0,KLINË,0.0,1.0
2023.0,10.0,PEJË,1144.06,1.0
2020.0,6.0,PRISHTINË,1500.0,3.0
2024.0,2.0,DEÇAN,75533.96,2.0
2023.0,10.0,PRISHTINË,12171.52,10.0
2025.0,12.0,PRIZREN,33071.25,3.0
2024.0,3.0,PEJË,190373.94,2.0
2021.0,12.0,FERIZAJ,24008.78,4.0
2023.0,9.0,GJILAN,0.0,4.0
2023.0,3.0,SUHAREKË,0.0,1.0
2024.0,12.0,LEPOSAVIQ,0.0,4.0
2025.0,8.0,MITROVICË VERIORE,0.0,1.0
2021.0,6.0,PODUJEVË,6260.0,1.0
2022.0,1.0,PEJË,2939.16,2.0
2024.0,7.0,OBILIQ,38666.87,3.0
2020.0,4.0,ISTOG,400.0,2.0
2025.0,1.0,GJILAN,37520.62,2.0
2020.0,3.0,KLINË,14742.51,1.0
2019.0,6.0,PODUJEVË,4240.34,2.0
2019.0,10.0,PRISHTINË,1761456.25,3.0
2022.0,5.0,ISTOG,1762.71,1.0
2023.0,1.0,PRISHTINË,0.0,1.0
2022.0,5.0,MITROVICË,34776.0,2.0
2019.0,9.0,PEJË,2350.0,1.0
2023.0,7.0,OBILIQ,100094.82,2.0
2021.0,4.0,PRISHTINË,0.0,1.0
2024.0,8.0,DEÇAN,54485.65,2.0
2021.0,11.0,SUHAREKË,159442.63,1.0
2024.0,1.0,PRISHTINË,772579.96,14.0
2021.0,11.0,ISTOG,5000.0,3.0
2023.0,2.0,PEJË,27510.62,2.0
2020.0,12.0,MALISHEVË,10680.0,2.0
2021.0,2.0,LEPOSAVIQ,0.0,1.0
2019.0,1.0,SUHAREKË,368191.88,22.0
2021.0,1.0,GJILAN,291152.92,1.0
2025.0,8.0,PODUJEVË,1292.97,1.0
2021.0,9.0,DEÇAN,55138.16,2.0
2023.0,6.0,FERIZAJ,5868.7,4.0
2023.0,5.0,PEJË,2353011.6,69.0
2019.0,12.0,PEJË,1986.0,1.0
2021.0,7.0,PEJË,3854.09,1.0
2019.0,9.0,MITROVICË,29637.4,3.0
2024.0,5.0,GJILAN,3393.47,1.0
2022.0,1.0,FERIZAJ,154680.76,7.0
2019.0,7.0,PODUJEVË,16898.78,4.0
2025.0,10.0,PRIZREN,982651.25,29.0
2020.0,1.0,RAHOVEC,2918.0,1.0
2024.0,12.0,FERIZAJ,2403329.77,33.0
2024.0,10.0,PRIZREN,6100965.59,14.0
2020.0,5.0,PODUJEVË,122976.28,17.0
2019.0,5.0,PODUJEVË,0.0,1.0
2019.0,9.0,SKENDERAJ,38642.38,3.0
2020.0,9.0,PRIZREN,10640.0,2.0
2025.0,8.0,MITROVICË,134534.64,3.0
2020.0,10.0,FERIZAJ,12250.0,1.0
2024.0,12.0,RAHOVEC,2178.42,1.0
2021.0,10.0,PRIZREN,465712.71,15.0
2022.0,10.0,PODUJEVË,7486.44,3.0
2024.0,4.0,FUSHË KOSOVË,33176.72,5.0
2021.0,10.0,RAHOVEC,4227.87,1.0
2020.0,11.0,KLINË,4576.27,2.0
2024.0,8.0,PRIZREN,0.0,1.0
2019.0,11.0,PRISHTINË,832128.28,36.0
2019.0,2.0,MITROVICË,39151.83,1.0
2021.0,12.0,GJAKOVË,12077.14,1.0
2020.0,1.0,SKENDERAJ,0.0,1.0
2025.0,6.0,KLINË,0.0,1.0
2019.0,12.0,PRISHTINË,1085000.94,26.0
2025.0,2.0,SUHAREKË,246569.59,15.0
2019.0,12.0,SUHAREKË,2152.74,1.0
2021.0,12.0,OBILIQ,2200.0,1.0
2024.0,8.0,GJAKOVË,10535.22,3.0
2023.0,1.0,LEPOSAVIQ,102.66,1.0
2021.0,10.0,MITROVICË,71915.67,8.0
2019.0,5.0,SUHAREKË,17974.34,1.0
2024.0,9.0,MITROVICË,465722.51,1.0
2022.0,5.0,FUSHË KOSOVË,4505.44,4.0
2020.0,4.0,VUSHTRRI,11600.12,3.0
2020.0,3.0,GJAKOVË,1159.32,1.0
2024.0,6.0,GJILAN,39024.77,7.0
2019.0,9.0,PARTESH,1300.0,1.0
2025.0,9.0,SUHAREKË,7080.64,3.0
2023.0,3.0,PRISHTINË,2202145.21,264.0
2024.0,6.0,VUSHTRRI,1432133.51,5.0
2020.0,1.0,PRISHTINË,3425.68,2.0
2019.0,3.0,DRAGASH,536.44,1.0
2019.0,8.0,GRAÇANICË,338238.96,2.0
2023.0,11.0,VUSHTRRI,0.0,1.0
2022.0,3.0,ISTOG,5504.15,4.0
2022.0,9.0,KAÇANIK,3597.75,4.0
2024.0,10.0,PRISHTINË,139529.37,11.0
2025.0,10.0,MITROVICË,19320.89,1.0
2021.0,9.0,DEÇAN,1530.0,1.0
2021.0,8.0,PRISHTINË,3100.13,1.0
2019.0,2.0,KAÇANIK,474.58,3.0
2022.0,10.0,DRAGASH,11703.81,1.0
2022.0,11.0,GRAÇANICË,0.0,1.0
2023.0,5.0,FERIZAJ,67226.17,6.0
2024.0,10.0,GRAÇANICË,3934.75,2.0
2021.0,1.0,PRISHTINË,8968.41,1.0
2023.0,11.0,SUHAREKË,72451.77,6.0
2025.0,2.0,PRISHTINË,0.0,1.0
2021.0,2.0,FERIZAJ,21701.0,2.0
2021.0,7.0,PEJË,0.0,1.0
2020.0,6.0,VITI,1410.0,1.0
2023.0,5.0,LIPJAN,66653.19,6.0
2024.0,9.0,KAÇANIK,37240.4,9.0
2021.0,7.0,MITROVICË VERIORE,192.0,1.0
2021.0,3.0,VITI,0.0,2.0
2023.0,4.0,KLINË,102516.31,17.0
2019.0,12.0,FERIZAJ,85655.85,7.0
2019.0,2.0,MITROVICË,33292.21,13.0
2024.0,7.0,OBILIQ,4497.88,1.0
2023.0,9.0,SKENDERAJ,10807.99,1.0
2022.0,5.0,ISTOG,20428.64,2.0
2019.0,5.0,PRIZREN,0.0,1.0
2020.0,7.0,PODUJEVË,84556.48,2.0
2025.0,7.0,SHTIME,40756.95,4.0
2020.0,7.0,FERIZAJ,0.0,2.0
2023.0,11.0,FUSHË KOSOVË,105855.92,1.0
2021.0,1.0,PRISHTINË,1474633.23,74.0
2024.0,2.0,PRISHTINË,3394.06,1.0
2024.0,11.0,PRISHTINË,214775.29,33.0
2023.0,12.0,MITROVICË,0.0,1.0
2023.0,2.0,KAÇANIK,16661.02,1.0
2023.0,10.0,RAHOVEC,4997.64,2.0
2022.0,2.0,PRISHTINË,2727.97,3.0
2024.0,2.0,PEJË,29881.01,1.0
2024.0,3.0,PRIZREN,21451.33,2.0
2021.0,7.0,GJILAN,64445.87,7.0
2021.0,3.0,FERIZAJ,9472.38,3.0
2022.0,11.0,DRAGASH,54832.66,1.0
2024.0,4.0,FERIZAJ,14000.0,1.0
2024.0,8.0,SUHAREKË,2777.77,2.0
2021.0,2.0,MITROVICË VERIORE,0.0,1.0
2021.0,4.0,GJILAN,1810.35,1.0
2019.0,5.0,SUHAREKË,14601.31,3.0
2025.0,7.0,FUSHË KOSOVË,869531.49,4.0
2023.0,12.0,OBILIQ,76295.42,12.0
2021.0,11.0,RAHOVEC,51671.63,2.0
2024.0,6.0,SUHAREKË,6986.75,1.0
2022.0,7.0,LIPJAN,60625.03,1.0
2019.0,8.0,PRISHTINË,47438.08,3.0
2021.0,5.0,ISTOG,61873.24,4.0
2022.0,6.0,RAHOVEC,48191.95,2.0
2022.0,6.0,RAHOVEC,1289.0,1.0
2019.0,6.0,FERIZAJ,29948.0,8.0
2025.0,9.0,KAMENICË,5000.0,2.0
2021.0,10.0,PRISHTINË,0.0,1.0
2024.0,1.0,FERIZAJ,13133.05,1.0
2024.0,5.0,RAHOVEC,281329.37,4.0
2024.0,10.0,FERIZAJ,280315.83,1.0
2019.0,1.0,FERIZAJ,3389.83,2.0
2021.0,3.0,VITI,11253.12,1.0
2023.0,5.0,PODUJEVË,0.0,1.0
2022.0,2.0,FERIZAJ,13851.35,2.0
2019.0,3.0,VUSHTRRI,0.0,1.0
2019.0,12.0,GJAKOVË,12725.85,1.0
2021.0,5.0,GJAKOVË,127008.66,1.0
2022.0,4.0,PRISHTINË,0.0,2.0
2020.0,6.0,PRISHTINË,5485.9,1.0
2023.0,8.0,PRIZREN,5611.0,1.0
2021.0,5.0,PRISHTINË,2811689.0,4.0
2022.0,12.0,PRISHTINË,5998.0,4.0
2022.0,2.0,SKENDERAJ,210408.45,2.0
2025.0,7.0,GJILAN,0.0,1.0
2022.0,11.0,VITI,9804.73,4.0
2022.0,12.0,KAMENICË,18791.15,16.0
2025.0,2.0,VITI,508702.16,2.0
2025.0,11.0,PRISHTINË,10930.95,1.0
2025.0,1.0,VITI,108331.87,2.0
2025.0,1.0,SHTIME,27573.73,1.0
2020.0,6.0,GRAÇANICË,14427.83,2.0
2020.0,11.0,GRAÇANICË,1479.08,1.0
2019.0,2.0,VUSHTRRI,96927.94,6.0
2024.0,3.0,MALISHEVË,18577.55,11.0
2020.0,10.0,FUSHË KOSOVË,899544.33,4.0
2022.0,6.0,FERIZAJ,104384.04,3.0
2025.0,2.0,FUSHË KOSOVË,12791.33,4.0
2023.0,7.0,MITROVICË VERIORE,27681.42,1.0
2020.0,3.0,FERIZAJ,102323.2,49.0
2019.0,12.0,PODUJEVË,49887.27,2.0
2019.0,7.0,VITI,35000.0,1.0
2021.0,12.0,VITI,325362.88,4.0
2019.0,2.0,GJAKOVË,1210.0,1.0
2020.0,12.0,MITROVICË,142485.94,25.0
2023.0,3.0,PEJË,8500.0,17.0
2025.0,5.0,GJAKOVË,3989.66,3.0
2025.0,6.0,NOVOBËRDË,0.0,1.0
2022.0,6.0,FUSHË KOSOVË,0.0,1.0
2024.0,11.0,PRISHTINË,86240.19,9.0
2020.0,11.0,RAHOVEC,72961.18,2.0
2021.0,6.0,MALISHEVË,7290.06,3.0
2024.0,7.0,OBILIQ,2932.29,1.0
2020.0,3.0,GJAKOVË,33115.08,1.0
2020.0,2.0,GRAÇANICË,13701.77,1.0
2024.0,3.0,VUSHTRRI,8225.08,2.0
2024.0,5.0,DEÇAN,0.0,1.0
2019.0,7.0,PRIZREN,495547.49,2.0
2024.0,4.0,GJAKOVË,768.97,1.0
2019.0,5.0,GJILAN,11544.31,2.0
2024.0,3.0,GJILAN,325586.19,26.0
2020.0,7.0,VUSHTRRI,13559.32,1.0
2023.0,1.0,LEPOSAVIQ,1837.57,1.0
2019.0,6.0,GRAÇANICË,359790.17,5.0
2021.0,6.0,PRIZREN,6000.0,3.0
2023.0,8.0,GRAÇANICË,167290.89,2.0
2019.0,11.0,DRAGASH,8981.73,1.0
2019.0,6.0,OBILIQ,22606.39,5.0
2025.0,1.0,VUSHTRRI,0.0,2.0
2022.0,4.0,PRISHTINË,276908.42,31.0
2021.0,7.0,PRIZREN,0.0,1.0
2023.0,1.0,GJAKOVË,19968.19,3.0
2020.0,1.0,GRAÇANICË,309708.72,2.0
2020.0,7.0,GJILAN,133751.57,2.0
2020.0,4.0,SHTIME,0.0,1.0
2021.0,10.0,FERIZAJ,0.0,1.0
2025.0,10.0,VUSHTRRI,66543.22,5.0
2022.0,3.0,KAÇANIK,400.0,1.0
2019.0,8.0,PRISHTINË,9566.0,3.0
2022.0,8.0,FUSHË KOSOVË,274184.95,6.0
2025.0,7.0,LIPJAN,194549.75,1.0
2023.0,4.0,PRISHTINË,2888.56,1.0
2021.0,11.0,PRISHTINË,901807.46,67.0
2022.0,8.0,FERIZAJ,94835.93,3.0
2023.0,7.0,DEÇAN,2169.5,1.0
2024.0,11.0,FERIZAJ,4328.81,1.0
2023.0,12.0,PRIZREN,12438.0,3.0
2019.0,9.0,OBILIQ,27077.26,2.0
2019.0,8.0,GJAKOVË,4703.38,1.0
2021.0,9.0,LEPOSAVIQ,0.0,1.0
2023.0,4.0,FERIZAJ,0.0,1.0
2024.0,10.0,PRISHTINË,469693.9,3.0
2019.0,4.0,SUHAREKË,56362.71,2.0
2022.0,6.0,MITROVICË,157240.08,2.0
2023.0,7.0,OBILIQ,3965.0,1.0
2024.0,8.0,PODUJEVË,85375.47,5.0
2022.0,10.0,PRIZREN,514260.78,15.0
2024.0,3.0,MALISHEVË,2033.89,1.0
2024.0,5.0,LIPJAN,740.61,1.0
2019.0,8.0,KLINË,2318.85,1.0
2022.0,8.0,JUNIK,2555.08,2.0
2021.0,1.0,GJAKOVË,9280.84,3.0
2020.0,6.0,ZUBIN POTOK,1144.0,2.0
2022.0,10.0,PRISHTINË,9752.05,1.0
2019.0,4.0,SUHAREKË,2987.29,1.0
2020.0,12.0,PRIZREN,0.0,1.0
2023.0,6.0,ISTOG,1152.0,1.0
2020.0,2.0,PRISHTINË,5330392.21,18.0
2019.0,7.0,MALISHEVË,59574.8,1.0
2019.0,1.0,RAHOVEC,11554.48,3.0
2022.0,7.0,MALISHEVË,11427.6,2.0
2024.0,10.0,PRISHTINË,209328.46,7.0
2019.0,4.0,RAHOVEC,13269.59,3.0
2020.0,6.0,FERIZAJ,43.58,1.0
2025.0,5.0,PRIZREN,105163.63,3.0
2021.0,6.0,GRAÇANICË,2083352.07,12.0
2024.0,8.0,GJAKOVË,297927.86,3.0
2023.0,7.0,PRIZREN,7353.81,1.0
2023.0,11.0,SKENDERAJ,3700.0,1.0
2022.0,12.0,FERIZAJ,46025.06,5.0
2020.0,9.0,MALISHEVË,25238.28,1.0
2020.0,11.0,HANI I ELEZIT,20367.44,2.0
2024.0,1.0,RAHOVEC,292686.24,3.0
2020.0,9.0,VUSHTRRI,3244.0,3.0
2019.0,10.0,GLLOGOC,3089.87,1.0
2019.0,9.0,LIPJAN,945.0,4.0
2025.0,3.0,KLINË,17193.0,2.0
2022.0,4.0,GJILAN,13852.37,2.0
2023.0,1.0,LIPJAN,10301.32,3.0
2022.0,10.0,KLINË,28406.99,4.0
2019.0,4.0,LIPJAN,0.0,2.0
2023.0,3.0,VUSHTRRI,68933.51,4.0
2023.0,8.0,VUSHTRRI,12902.55,1.0
2020.0,12.0,RAHOVEC,0.0,1.0
2025.0,9.0,SKENDERAJ,1281.35,1.0
2019.0,10.0,VITI,0.0,1.0
2021.0,8.0,DEÇAN,21292.38,1.0
2022.0,9.0,SUHAREKË,28715.75,3.0
2021.0,3.0,DRAGASH,58284.83,41.0
2025.0,9.0,MITROVICË,6562.25,10.0
2024.0,6.0,MITROVICË,590.33,2.0
2020.0,10.0,PEJË,2711.94,1.0
2019.0,2.0,PEJË,2694.39,2.0
2022.0,12.0,PRIZREN,105721.64,2.0
2019.0,3.0,PODUJEVË,2997.18,6.0
2023.0,10.0,OBILIQ,4647338.69,2.0
2021.0,11.0,PRIZREN,9552.08,1.0
2023.0,10.0,KLINË,12415.24,1.0
2025.0,3.0,VITI,12393.81,3.0
2021.0,4.0,PEJË,0.0,1.0
2023.0,9.0,DEÇAN,6420.0,4.0
2022.0,1.0,MITROVICË,5398.98,2.0
2023.0,5.0,FERIZAJ,5727.47,2.0
2025.0,3.0,PEJË,17327.85,8.0
2024.0,3.0,LIPJAN,0.0,1.0
2019.0,3.0,PEJË,7134.27,1.0
2019.0,12.0,OBILIQ,692885.91,2.0
2020.0,5.0,PRISHTINË,0.0,1.0
2023.0,9.0,PRIZREN,18625.61,3.0
2025.0,4.0,MITROVICË VERIORE,4000.0,2.0
2025.0,4.0,ISTOG,14045.68,4.0
2023.0,7.0,NOVOBËRDË,0.0,1.0
2025.0,11.0,PEJË,35318.44,2.0
2021.0,10.0,SHTIME,8997.61,1.0
2019.0,11.0,FERIZAJ,0.0,1.0
2022.0,8.0,MITROVICË,20633.95,1.0
2022.0,10.0,FUSHË KOSOVË,2288.75,1.0
2023.0,12.0,ZVEÇAN,0.0,2.0
2020.0,8.0,PODUJEVË,54404.4,3.0
2022.0,7.0,OBILIQ,3385.01,1.0
2025.0,12.0,VITI,19747.02,11.0
2022.0,12.0,PRIZREN,5605.0,1.0
2024.0,1.0,PODUJEVË,23517.74,2.0
2022.0,3.0,PRIZREN,530687.83,13.0
2025.0,8.0,KAMENICË,4394.06,2.0
2023.0,3.0,KAMENICË,5635.59,1.0
2023.0,7.0,PRISHTINË,5189484.77,1.0
2019.0,2.0,PEJË,6722.56,1.0
2019.0,9.0,GJILAN,11784.97,1.0
2020.0,10.0,FUSHË KOSOVË,48329.24,3.0
2020.0,6.0,GJILAN,3805.0,3.0
2024.0,6.0,RAHOVEC,0.0,1.0
2025.0,11.0,PODUJEVË,27645.85,4.0
2020.0,1.0,FERIZAJ,25322.89,9.0
2019.0,8.0,PEJË,8785.25,1.0
2025.0,11.0,FERIZAJ,38287.02,4.0
2024.0,2.0,FERIZAJ,262.54,1.0
2022.0,6.0,PEJË,329020.24,31.0
2020.0,1.0,KLLOKOT,0.0,2.0
2020.0,9.0,FERIZAJ,0.0,1.0
2021.0,10.0,FUSHË KOSOVË,0.0,2.0
2020.0,12.0,VITI,3070.0,1.0
2025.0,1.0,RAHOVEC,0.0,1.0
2024.0,9.0,GJAKOVË,17170.0,2.0
2023.0,4.0,GJAKOVË,86989.58,2.0
2025.0,9.0,LIPJAN,78164.07,23.0
2021.0,12.0,SKENDERAJ,42275.87,3.0
2021.0,1.0,GJAKOVË,1120.34,2.0
2019.0,4.0,PRIZREN,12719.35,1.0
2021.0,9.0,PRIZREN,98475.29,2.0
2019.0,11.0,GJAKOVË,14685.63,2.0
2025.0,2.0,FERIZAJ,17386.33,1.0
2019.0,12.0,PRISHTINË,1499034.35,20.0
2019.0,2.0,ZUBIN POTOK,0.0,1.0
2021.0,11.0,PRIZREN,56280.64,3.0
2019.0,4.0,PRIZREN,10071.47,2.0
2020.0,1.0,SUHAREKË,8631.79,2.0
2022.0,2.0,VUSHTRRI,-666.86,1.0
2021.0,12.0,LIPJAN,0.0,1.0
2024.0,9.0,GRAÇANICË,338413.97,1.0
2024.0,6.0,MALISHEVË,285043.82,7.0
2023.0,10.0,FERIZAJ,374751.19,10.0
2024.0,9.0,FERIZAJ,1834.4,3.0
2021.0,9.0,PRISHTINË,98893.8,2.0
2025.0,7.0,DEÇAN,0.0,1.0
2020.0,7.0,NOVOBËRDË,0.0,1.0
2024.0,12.0,PRISHTINË,15905.5,11.0
2023.0,8.0,PRISHTINË,0.0,1.0
2024.0,6.0,KAMENICË,3865.0,1.0
2020.0,4.0,LIPJAN,0.0,7.0
2019.0,2.0,PEJË,395564.9,5.0
2020.0,7.0,FERIZAJ,4175.04,1.0
2025.0,9.0,MITROVICË,56358.1,10.0
2021.0,6.0,OBILIQ,630.0,4.0
2025.0,10.0,PODUJEVË,128942.08,7.0
2021.0,1.0,VITI,0.0,2.0
2020.0,4.0,GRAÇANICË,0.0,1.0
2019.0,3.0,PRIZREN,44881.79,17.0
2022.0,11.0,FERIZAJ,139123.47,9.0
2023.0,4.0,SUHAREKË,249077.36,9.0
2025.0,11.0,KAÇANIK,144815.97,2.0
2021.0,2.0,PEJË,0.0,1.0
2021.0,8.0,SHTËRPCË,808.49,1.0
2024.0,2.0,PRIZREN,2488.47,1.0
2025.0,11.0,PEJË,99465.85,9.0
2022.0,12.0,ISTOG,15161.51,5.0
2019.0,3.0,KLINË,2000.0,6.0
2024.0,11.0,PODUJEVË,18900.0,5.0
2025.0,11.0,DEÇAN,974754.51,3.0
2020.0,1.0,LIPJAN,0.0,1.0
2025.0,6.0,PODUJEVË,1869.5,2.0
2025.0,6.0,PRIZREN,319454.78,3.0
2025.0,3.0,KLINË,0.0,2.0
2021.0,11.0,LEPOSAVIQ,0.0,1.0
2024.0,4.0,GJAKOVË,7321.87,2.0
2024.0,9.0,PEJË,156464.97,38.0
2025.0,11.0,PRISHTINË,0.0,1.0
2025.0,4.0,PEJË,9244.36,4.0
2023.0,8.0,GJILAN,3499.15,1.0
2022.0,4.0,GJAKOVË,42400.8,8.0
2019.0,11.0,PEJË,78767.91,10.0
2022.0,11.0,HANI I ELEZIT,4407.79,1.0
2025.0,12.0,NOVOBËRDË,3215.0,3.0
2019.0,11.0,MITROVICË,11976.1,1.0
2023.0,9.0,SUHAREKË,1246397.99,19.0
2023.0,1.0,VUSHTRRI,29091.1,3.0
2024.0,11.0,SKENDERAJ,88.14,1.0
2024.0,1.0,GJILAN,101895.36,1.0
2024.0,3.0,PRISHTINË,22681.0,12.0
2024.0,4.0,GRAÇANICË,8150037.49,3.0
2025.0,12.0,SUHAREKË,1222456.26,86.0
2019.0,11.0,RAHOVEC,5211.53,1.0
2024.0,9.0,SUHAREKË,0.0,2.0
2024.0,10.0,PRISHTINË,50001.37,1.0
2021.0,11.0,FUSHË KOSOVË,2413016.13,3.0
2019.0,8.0,PRIZREN,15911.1,1.0
2020.0,4.0,GLLOGOC,172759.01,2.0
2024.0,9.0,VITI,8744.9,1.0
2023.0,12.0,GJAKOVË,19847.89,1.0
2019.0,7.0,FERIZAJ,68485.13,3.0
2021.0,5.0,FERIZAJ,83888.12,10.0
2021.0,5.0,PRISHTINË,4000.0,3.0
2022.0,7.0,PRISHTINË,108694.77,4.0
2022.0,5.0,KAÇANIK,1500.0,1.0
2025.0,3.0,RAHOVEC,11168.82,4.0
2024.0,4.0,FERIZAJ,92118.64,3.0
2022.0,11.0,PRISHTINË,4429.83,1.0
2019.0,8.0,FERIZAJ,318325.91,6.0
2019.0,4.0,FERIZAJ,214257.05,10.0
2019.0,11.0,PRIZREN,16319.5,2.0
2021.0,4.0,RAHOVEC,2634.99,3.0
2025.0,12.0,SHTIME,9990.0,1.0
2020.0,2.0,MITROVICË VERIORE,0.0,3.0
2025.0,8.0,MALISHEVË,3017.37,1.0
2022.0,10.0,GJILAN,0.0,2.0
2025.0,5.0,DEÇAN,3235.59,1.0
2020.0,4.0,ZVEÇAN,336.0,1.0
2019.0,1.0,GRAÇANICË,27368.43,2.0
2019.0,11.0,PRIZREN,4767.02,1.0
2019.0,3.0,SUHAREKË,59705.85,26.0
2021.0,7.0,MALISHEVË,8474.58,1.0
2022.0,9.0,PRISHTINË,25698.09,1.0
2020.0,5.0,PRIZREN,1930.51,7.0
2020.0,9.0,MITROVICË,0.0,1.0
2024.0,3.0,PEJË,59203.01,5.0
2025.0,2.0,PRISHTINË,160726.72,16.0
2024.0,2.0,PRISHTINË,2898658.43,33.0
2022.0,4.0,PODUJEVË,841.36,1.0
2022.0,7.0,GJAKOVË,1169.49,2.0
2025.0,9.0,GJILAN,3518.0,3.0
2024.0,12.0,PRISHTINË,28560.0,5.0
2025.0,9.0,PRISHTINË,1466951.93,1.0
2020.0,6.0,PEJË,7292.0,9.0
2022.0,6.0,PEJË,799.0,1.0
2020.0,8.0,GLLOGOC,0.0,2.0
2024.0,9.0,FERIZAJ,4300.0,1.0
2021.0,4.0,GJILAN,8888.08,3.0
2019.0,11.0,MALISHEVË,19790.02,1.0
2024.0,6.0,RAHOVEC,95549.15,6.0
2021.0,9.0,VITI,1827.0,1.0
2024.0,7.0,PRISHTINË,198993.25,29.0
2024.0,9.0,KAMENICË,950.0,2.0
2023.0,6.0,LEPOSAVIQ,0.0,2.0
2022.0,9.0,GJILAN,240821.92,2.0
2025.0,12.0,GJILAN,27965.99,7.0
2025.0,8.0,DEÇAN,16664.88,1.0
2022.0,2.0,GRAÇANICË,6668758.95,2.0
2022.0,8.0,VUSHTRRI,20294.95,3.0
2024.0,6.0,MITROVICË,58096.99,3.0
2024.0,5.0,PRIZREN,12547.26,3.0
2021.0,10.0,FUSHË KOSOVË,5544.45,1.0
2023.0,9.0,PEJË,44792.0,1.0
2023.0,2.0,PEJË,10260.84,2.0
2025.0,4.0,GJAKOVË,194544.93,9.0
2019.0,10.0,LIPJAN,0.0,2.0
2019.0,10.0,VUSHTRRI,0.0,1.0
2025.0,11.0,ZVEÇAN,266945.03,2.0
2024.0,8.0,KAMENICË,3596.95,2.0
2020.0,12.0,GLLOGOC,12665.05,8.0
2021.0,4.0,GJAKOVË,0.0,3.0
2024.0,5.0,OBILIQ,18494.26,2.0
2024.0,7.0,PRISHTINË,10564.14,3.0
2025.0,7.0,PEJË,0.0,2.0
2022.0,10.0,PEJË,146942.98,1.0
2021.0,8.0,SUHAREKË,0.0,1.0
2020.0,1.0,SUHAREKË,10397.72,1.0
2022.0,6.0,MALISHEVË,852.6,4.0
2019.0,10.0,PODUJEVË,55106.68,1.0
2023.0,4.0,MALISHEVË,2075.49,4.0
2024.0,9.0,PRISHTINË,0.0,1.0
2020.0,2.0,ISTOG,15041.96,2.0
2024.0,2.0,SUHAREKË,816.46,1.0
2020.0,7.0,MITROVICË VERIORE,1092.04,1.0
2020.0,8.0,DRAGASH,2120.3,2.0
2025.0,5.0,VUSHTRRI,0.0,1.0
2021.0,3.0,FUSHË KOSOVË,6933.14,3.0
2019.0,9.0,VITI,1085.5,1.0
2020.0,2.0,LIPJAN,4919.07,3.0
2023.0,10.0,RAHOVEC,22984.61,1.0
2020.0,5.0,NOVOBËRDË,5434.65,1.0
2025.0,8.0,FUSHË KOSOVË,0.0,1.0
2021.0,2.0,LIPJAN,178089.9,19.0
2023.0,12.0,GJILAN,0.0,2.0
2020.0,3.0,OBILIQ,0.0,1.0
2022.0,9.0,SKENDERAJ,1000.0,1.0
2019.0,1.0,PRISHTINË,0.0,2.0
2019.0,8.0,PEJË,384859.57,4.0
2023.0,1.0,PRISHTINË,589.42,1.0
2024.0,7.0,FERIZAJ,396502.12,1.0
2025.0,4.0,SHTIME,8127.12,1.0
2021.0,6.0,GRAÇANICË,1250.0,1.0
2022.0,10.0,SKENDERAJ,0.0,1.0
2025.0,12.0,KAÇANIK,29433.0,1.0
2020.0,10.0,SHTIME,52504.82,2.0
2022.0,9.0,KAÇANIK,42339.68,7.0
2023.0,1.0,GRAÇANICË,182784.86,1.0
2024.0,8.0,ISTOG,0.0,4.0
2022.0,8.0,SUHAREKË,0.0,1.0
2022.0,8.0,PRIZREN,11860.0,5.0
2025.0,10.0,LIPJAN,131322.97,1.0
2025.0,6.0,KLINË,4417.8,1.0
2023.0,8.0,PRIZREN,9339.17,1.0
2022.0,9.0,VITI,337636.82,72.0
2024.0,11.0,PRISHTINË,137747.08,1.0
2022.0,3.0,SKENDERAJ,0.0,1.0
2022.0,11.0,MITROVICË,0.0,1.0
2022.0,4.0,DEÇAN,4660.91,1.0
2021.0,12.0,GJILAN,18374.88,17.0
2025.0,2.0,PRIZREN,629840.0,1.0
2022.0,1.0,FUSHË KOSOVË,762300.02,4.0
2023.0,4.0,RAHOVEC,0.0,2.0
2025.0,6.0,MAMUSHË,30695.28,2.0
2021.0,9.0,GJAKOVË,6015.3,3.0
2019.0,7.0,PRISHTINË,338178.83,16.0
2024.0,12.0,SKENDERAJ,42108.0,1.0
2022.0,3.0,PARTESH,45259.4,1.0
2023.0,4.0,GJAKOVË,0.0,1.0
2023.0,12.0,PRISHTINË,99316.0,5.0
2024.0,2.0,MALISHEVË,36351.69,1.0
2025.0,1.0,LIPJAN,0.0,1.0
2020.0,2.0,GRAÇANICË,171323.82,1.0
2021.0,3.0,VUSHTRRI,0.0,1.0
2023.0,8.0,PRISHTINË,0.0,1.0
2024.0,1.0,ZUBIN POTOK,0.0,2.0
2021.0,3.0,VITI,4205.5,6.0
2023.0,6.0,ZUBIN POTOK,0.0,1.0
2025.0,5.0,VUSHTRRI,59993.21,6.0
2024.0,12.0,GJILAN,847.45,2.0
2022.0,9.0,KLINË,33097.39,5.0
2022.0,7.0,PEJË,5390.19,2.0
2024.0,7.0,RAHOVEC,3102.31,3.0
2023.0,3.0,KAMENICË,850.0,2.0
2022.0,12.0,GJAKOVË,1900.5,1.0
2019.0,7.0,MITROVICË,13771.94,2.0
2023.0,8.0,FUSHË KOSOVË,2877.71,1.0
2021.0,4.0,FUSHË KOSOVË,6669.79,2.0
2021.0,11.0,FERIZAJ,8672.0,2.0
2025.0,3.0,LIPJAN,17322.22,8.0
2025.0,2.0,GLLOGOC,942.37,1.0
2024.0,5.0,PODUJEVË,22919.04,9.0
2023.0,6.0,FUSHË KOSOVË,598920.67,24.0
2020.0,2.0,GRAÇANICË,301657.28,2.0
2019.0,9.0,KAMENICË,3907.0,82.0
2025.0,2.0,ISTOG,55657.75,1.0
2019.0,3.0,ZUBIN POTOK,0.0,5.0
2024.0,11.0,VITI,21814.8,2.0
2020.0,4.0,DEÇAN,0.0,3.0
2021.0,2.0,MITROVICË,1525.42,1.0
2020.0,8.0,SUHAREKË,0.0,1.0
2021.0,5.0,GLLOGOC,262510.64,2.0
2021.0,3.0,FUSHË KOSOVË,1632.5,1.0
2022.0,5.0,MITROVICË VERIORE,83.88,1.0
2025.0,4.0,DEÇAN,338.98,3.0
2022.0,9.0,MITROVICË,5006.85,2.0
2021.0,12.0,PRISHTINË,9810.1,1.0
2019.0,5.0,PRIZREN,332697.44,13.0
2019.0,1.0,RAHOVEC,254.24,3.0
2025.0,3.0,DEÇAN,12535.78,6.0
2021.0,10.0,PRISHTINË,1090.0,1.0
2021.0,2.0,PRIZREN,101909.49,2.0
2020.0,1.0,PRISHTINË,122911.71,3.0
2023.0,5.0,PRISHTINË,50366.53,6.0
2020.0,3.0,FUSHË KOSOVË,0.0,1.0
2023.0,7.0,GLLOGOC,18405.29,1.0
2025.0,4.0,GJILAN,19881.36,2.0
2024.0,2.0,PRISHTINË,4000.0,3.0
2020.0,11.0,PODUJEVË,555.92,2.0
2023.0,2.0,ZVEÇAN,1857.6,1.0
2020.0,8.0,GJAKOVË,91464.03,3.0
2024.0,11.0,RAHOVEC,31304.61,1.0
2021.0,7.0,MALISHEVË,3062.14,1.0
2023.0,9.0,DRAGASH,3740.0,1.0
2020.0,6.0,KLINË,5964.26,1.0
2024.0,10.0,SUHAREKË,89818.88,6.0
2020.0,2.0,PODUJEVË,0.0,1.0
2019.0,11.0,OBILIQ,69994.87,2.0
2023.0,3.0,GRAÇANICË,2890.0,1.0
2021.0,3.0,FERIZAJ,1190.0,1.0
2023.0,1.0,PODUJEVË,3047.08,3.0
2025.0,7.0,FERIZAJ,20147.82,2.0
2022.0,3.0,SUHAREKË,3645.09,2.0
2024.0,12.0,KAÇANIK,6721.9,4.0
2024.0,12.0,RAHOVEC,761013.66,1.0
2025.0,6.0,ISTOG,9411.69,20.0
2020.0,2.0,GLLOGOC,59404.97,2.0
2019.0,3.0,SHTIME,0.0,1.0
2023.0,6.0,KLLOKOT,4716.0,2.0
2021.0,11.0,FERIZAJ,55657.55,4.0
2025.0,11.0,FUSHË KOSOVË,0.0,3.0
2019.0,7.0,FERIZAJ,23521.88,2.0
2024.0,3.0,VITI,22033.91,2.0
2022.0,3.0,MITROVICË,2839.0,6.0
2023.0,6.0,PRIZREN,1511729.72,261.0
2020.0,5.0,FERIZAJ,610575.68,15.0
2019.0,1.0,PRIZREN,692.8,2.0
2020.0,10.0,FUSHË KOSOVË,48540.16,4.0
2022.0,6.0,GJILAN,0.0,1.0
2021.0,2.0,SUHAREKË,1661.52,1.0
2019.0,12.0,ISTOG,6958.36,1.0
2023.0,11.0,GJILAN,0.0,1.0
2019.0,2.0,PRISHTINË,74220.78,15.0
2022.0,9.0,RANILLUG,2101.0,1.0
2025.0,9.0,KLINË,774.58,2.0
2023.0,10.0,PRISHTINË,1571425.3,51.0
2022.0,3.0,FUSHË KOSOVË,53948.69,9.0
2025.0,10.0,KLINË,994.82,1.0
2022.0,12.0,PRISHTINË,59708.92,5.0
2024.0,7.0,OBILIQ,1347271.32,3.0
2020.0,1.0,GRAÇANICË,40593.97,1.0
2024.0,8.0,PRISHTINË,37304.89,8.0
2023.0,1.0,PODUJEVË,155163.67,3.0
2021.0,11.0,OBILIQ,1101.69,1.0
2025.0,4.0,DRAGASH,1306.28,1.0
2021.0,9.0,FUSHË KOSOVË,63114.61,7.0
2023.0,12.0,KLINË,10273.14,1.0
2023.0,4.0,PRISHTINË,3906253.84,34.0
2020.0,5.0,MITROVICË,0.0,2.0
2019.0,2.0,GLLOGOC,0.0,1.0
2021.0,8.0,OBILIQ,345145.36,3.0
2020.0,7.0,PRIZREN,41626.78,1.0
2024.0,7.0,SHTIME,413.56,1.0
2021.0,2.0,PRISHTINË,0.0,2.0
2023.0,8.0,OBILIQ,46879.99,3.0
2020.0,11.0,PRISHTINË,1118.64,1.0
2023.0,6.0,DRAGASH,57298.2,48.0
2019.0,9.0,MITROVICË VERIORE,731.0,1.0
2024.0,1.0,KAÇANIK,51235.95,3.0
2025.0,7.0,PODUJEVË,3369.92,2.0
2019.0,6.0,PEJË,67241.7,1.0
2020.0,11.0,FERIZAJ,0.0,1.0
2021.0,8.0,FERIZAJ,18208.13,1.0
2019.0,9.0,ISTOG,35410.0,39.0
2025.0,1.0,PRIZREN,56078.67,14.0
2025.0,5.0,NOVOBËRDË,6443.13,1.0
2025.0,8.0,ISTOG,1290478.7,38.0
2023.0,12.0,PRIZREN,106969.24,16.0
2025.0,7.0,GJAKOVË,0.0,1.0
