year,month,registration_status,turnover_eur,num_taxpayers
2025.0,11.0,INDIVIDUAL,10945.75,1.0
2024.0,1.0,INDIVIDUAL,0.0,1.0
2019.0,7.0,SH.P.K.,25928.11,2.0
2021.0,6.0,INDIVIDUAL,11257.0,9.0
2019.0,4.0,INDIVIDUAL,4387.16,1.0
2025.0,7.0,INDIVIDUAL,55770.08,3.0
2020.0,10.0,SH.P.K.,43779.66,2.0
2024.0,8.0,INDIVIDUAL,0.0,3.0
2021.0,4.0,SH.P.K.,2436.11,1.0
2023.0,12.0,INDIVIDUAL,54718.96,9.0
2023.0,9.0,SH.P.K.,2441.0,2.0
2019.0,3.0,INDIVIDUAL,1541.49,1.0
2019.0,4.0,NDËRMARRJE SHOQ.,0.0,1.0
2023.0,11.0,INDIVIDUAL,544876.47,1.0
2020.0,5.0,NDËRMARRJE NËN MENAXHIM TË AKP-SË,0.0,1.0
2019.0,12.0,SH.P.K.,4927.74,3.0
2021.0,12.0,SH.P.K.,41949.19,1.0
2023.0,5.0,SH.P.K.,2661.95,2.0
2023.0,11.0,ORTAKËRIA E PËRGJ.,2473054.51,2.0
2021.0,5.0,INDIVIDUAL,9191.17,3.0
2021.0,2.0,INDIVIDUAL,149847.03,42.0
2022.0,6.0,SH.P.K.,14395.12,2.0
2022.0,11.0,SH.P.K.,7001.63,1.0
2020.0,11.0,SH.P.K.,208982.62,2.0
2019.0,8.0,SH.P.K.,6731.41,1.0
2020.0,7.0,SH.P.K.,0.0,1.0
2022.0,11.0,SH.P.K.,9580.09,3.0
2022.0,4.0,SH.P.K.,943779.49,14.0
2020.0,12.0,SH.P.K.,119290.0,7.0
2022.0,6.0,SH.P.K.,0.0,1.0
2021.0,3.0,INDIVIDUAL,20590.85,182.0
2024.0,3.0,INDIVIDUAL,950.0,3.0
2022.0,12.0,SH.P.K.,70390.24,3.0
2023.0,3.0,INDIVIDUAL,5432.2,6.0
2021.0,1.0,PËRFAQËSUES FISKAL,0.0,1.0
2022.0,5.0,SH.P.K.,0.0,1.0
2021.0,5.0,INDIVIDUAL,4541.52,1.0
2019.0,5.0,SH.P.K.,5244.05,1.0
2020.0,10.0,INDIVIDUAL,131625.02,10.0
2022.0,9.0,INDIVIDUAL,0.0,4.0
2025.0,3.0,INDIVIDUAL,1225.0,3.0
2019.0,8.0,INDIVIDUAL,7070.71,2.0
2025.0,6.0,INDIVIDUAL,100.0,2.0
2020.0,12.0,INDIVIDUAL,18080.0,4.0
2024.0,7.0,INDIVIDUAL,51728.88,1.0
2020.0,11.0,SH.P.K.,595277.66,8.0
2020.0,12.0,SH.P.K.,12052.5,1.0
2019.0,2.0,INDIVIDUAL,1414.57,1.0
2019.0,3.0,SH.P.K.,395.0,1.0
2020.0,5.0,SH.P.K.,213660.17,10.0
2023.0,3.0,SH.P.K.,0.0,3.0
2025.0,8.0,SH.P.K.,10860.28,5.0
2021.0,1.0,INDIVIDUAL,0.0,2.0
2019.0,11.0,SH.P.K.,1353875.73,3.0
2025.0,6.0,INDIVIDUAL,5125.0,1.0
2020.0,11.0,INDIVIDUAL,4000.01,2.0
2024.0,9.0,INDIVIDUAL,523486.46,21.0
2025.0,11.0,SH.P.K.,3998813.6,56.0
2024.0,10.0,SH.P.K.,0.0,1.0
2021.0,2.0,SH.P.K.,244797.17,6.0
2020.0,9.0,SH.P.K.,46798.13,4.0
2019.0,11.0,SH.P.K.,113082.75,2.0
2020.0,3.0,INDIVIDUAL,0.0,1.0
2019.0,6.0,INDIVIDUAL,800.0,1.0
2019.0,12.0,SH.P.K.,3766.05,1.0
2024.0,10.0,INDIVIDUAL,167141.52,1.0
2019.0,4.0,SH.P.K.,368.64,1.0
2021.0,6.0,SH.P.K.,3598.78,1.0
2022.0,2.0,SH.P.K.,12794.35,1.0
2021.0,10.0,INDIVIDUAL,22123.94,2.0
2021.0,5.0,SH.P.K.,47618.64,1.0
2019.0,10.0,INDIVIDUAL,2831.73,3.0
2025.0,12.0,SH.P.K.,43718.64,1.0
2019.0,4.0,INDIVIDUAL,0.0,2.0
2019.0,6.0,ORTAKËRIA E PËRGJ.,0.0,1.0
2021.0,6.0,SH.P.K.,58495.41,5.0
2020.0,1.0,SH.P.K.,801.06,1.0
2019.0,4.0,ORTAKËRIA E PËRGJ.,6199.7,1.0
2024.0,6.0,INDIVIDUAL,33693.02,6.0
2023.0,12.0,PERSON FIZIK,12091394.13,424.0
2025.0,10.0,SH.P.K.,0.0,1.0
2020.0,3.0,SH.P.K.,1313942.2,5.0
2023.0,11.0,INDIVIDUAL,4877.0,2.0
2019.0,8.0,INDIVIDUAL,68070.0,2.0
2022.0,2.0,SH.P.K.,7214.74,1.0
2024.0,12.0,INDIVIDUAL,14710.8,5.0
2025.0,3.0,SH.P.K.,79504.42,4.0
2019.0,12.0,OJQ,462217.91,2.0
2024.0,12.0,SH.P.K.,6985.0,2.0
2022.0,7.0,INDIVIDUAL,6000.0,1.0
2021.0,11.0,INDIVIDUAL,593.22,2.0
2021.0,8.0,ORTAKËRIA E PËRGJ.,5246.9,1.0
2020.0,8.0,SH.P.K.,311217.52,5.0
2021.0,2.0,INDIVIDUAL,53686.78,2.0
2024.0,11.0,INDIVIDUAL,15705.4,1.0
2022.0,11.0,INDIVIDUAL,9944.92,1.0
2022.0,1.0,SH.P.K.,4237.29,2.0
2024.0,4.0,INDIVIDUAL,721.26,1.0
2020.0,8.0,SH.P.K.,26774.13,4.0
2019.0,9.0,SH.P.K.,2590.0,2.0
2022.0,4.0,SH.P.K.,863.12,2.0
2019.0,10.0,SH.P.K.,4498.72,1.0
2023.0,3.0,KOMPANI E HUAJ,102655.97,2.0
2019.0,6.0,INDIVIDUAL,0.0,1.0
2024.0,2.0,SH.P.K.,794866.07,3.0
2023.0,4.0,SH.P.K.,0.0,5.0
2025.0,5.0,INDIVIDUAL,28808.49,9.0
2024.0,4.0,SH.P.K.,209608.4,5.0
2025.0,10.0,INDIVIDUAL,1283.9,1.0
2024.0,6.0,SH.P.K.,0.0,1.0
2021.0,1.0,SH.P.K.,31618.23,3.0
2024.0,2.0,SH.P.K.,6656.78,3.0
2019.0,11.0,SH.P.K.,35023.55,6.0
2024.0,10.0,INDIVIDUAL,8782.85,5.0
2022.0,7.0,INDIVIDUAL,2930.0,1.0
2025.0,1.0,INDIVIDUAL,7548.41,3.0
2020.0,5.0,SH.P.K.,211278.18,3.0
2019.0,11.0,SH.P.K.,28270.83,1.0
2023.0,4.0,SH.P.K.,3331.38,1.0
2020.0,1.0,INDIVIDUAL,0.0,1.0
2022.0,1.0,INDIVIDUAL,3716.11,1.0
2024.0,3.0,SH.P.K.,56996.58,4.0
2024.0,10.0,INDIVIDUAL,172.88,2.0
2025.0,3.0,SH.P.K.,18600.0,2.0
2021.0,4.0,KOMPANI E HUAJ,262363.3,9.0
2025.0,12.0,INDIVIDUAL,34124.47,1.0
2020.0,10.0,SH.P.K.,9027.95,1.0
2019.0,9.0,ORTAKËRIA E PËRGJ.,75780.17,1.0
2022.0,12.0,SH.P.K.,26689.96,1.0
2022.0,8.0,INDIVIDUAL,97192.91,6.0
2020.0,7.0,SH.P.K.,644.07,1.0
2025.0,9.0,SH.P.K.,0.0,1.0
2020.0,9.0,SHOQËRI AKCIONARE,0.0,1.0
2020.0,4.0,INDIVIDUAL,4726.21,1.0
2025.0,2.0,INDIVIDUAL,129176.8,13.0
2022.0,7.0,INDIVIDUAL,22017.59,2.0
2022.0,9.0,SH.P.K.,31922.07,5.0
2021.0,9.0,INDIVIDUAL,2724.62,3.0
2021.0,8.0,INDIVIDUAL,41974.88,1.0
2024.0,5.0,SH.P.K.,171830.25,3.0
2025.0,5.0,SH.P.K.,173462.71,4.0
2022.0,8.0,INDIVIDUAL,0.0,2.0
2021.0,3.0,INDIVIDUAL,1805.0,2.0
2022.0,8.0,INDIVIDUAL,1771.19,1.0
2023.0,6.0,SH.P.K.,204778.12,6.0
2022.0,1.0,INDIVIDUAL,796.61,2.0
2023.0,2.0,INDIVIDUAL,64567.52,1.0
2022.0,10.0,INDIVIDUAL,6410.0,1.0
2022.0,5.0,INDIVIDUAL,296.61,1.0
2021.0,9.0,INDIVIDUAL,86924.97,19.0
2025.0,6.0,NDËRMARRJE SHOQ.,3377.0,1.0
2020.0,9.0,SH.P.K.,2250.0,1.0
2023.0,3.0,INDIVIDUAL,809.0,1.0
2020.0,2.0,SH.P.K.,80583.74,4.0
2024.0,5.0,SH.P.K.,4914.91,2.0
2021.0,6.0,SH.P.K.,196475.43,2.0
2020.0,10.0,INDIVIDUAL,81778.75,4.0
2020.0,6.0,SH.P.K.,6048.48,2.0
2025.0,7.0,SH.P.K.,0.0,2.0
2020.0,9.0,SH.P.K.,5585.0,1.0
2025.0,3.0,SH.P.K.,354021.24,6.0
2024.0,5.0,SH.P.K.,102680.04,4.0
2024.0,12.0,INDIVIDUAL,47817.05,9.0
2020.0,7.0,SH.P.K.,494.92,1.0
2020.0,8.0,SH.P.K.,5397.54,2.0
2023.0,9.0,SH.P.K.,21718.64,7.0
2019.0,7.0,SH.P.K.,316150.2,2.0
2024.0,2.0,SH.P.K.,1552.97,1.0
2023.0,9.0,INDIVIDUAL,0.0,1.0
2019.0,3.0,SH.P.K.,0.0,6.0
2023.0,5.0,SH.P.K.,0.0,1.0
2024.0,7.0,INDIVIDUAL,748982.82,3.0
2020.0,10.0,INDIVIDUAL,8245.42,1.0
2020.0,8.0,SH.P.K.,4407.64,2.0
2020.0,2.0,SH.P.K.,0.0,1.0
2022.0,3.0,INDIVIDUAL,0.0,2.0
2019.0,12.0,SH.P.K.,163063.57,7.0
2025.0,8.0,SH.P.K.,12712.71,5.0
2019.0,6.0,INDIVIDUAL,10020.0,2.0
2023.0,7.0,SH.P.K.,0.0,1.0
2023.0,3.0,INDIVIDUAL,25106.45,8.0
2023.0,10.0,INDIVIDUAL,331838.28,14.0
2020.0,2.0,INDIVIDUAL,444.0,1.0
2025.0,1.0,INDIVIDUAL,1432.2,1.0
2020.0,8.0,INDIVIDUAL,8857.23,2.0
2024.0,10.0,SHOQËRI AKCIONARE,192340.68,1.0
2021.0,10.0,SH.P.K.,52652.91,3.0
2023.0,10.0,INDIVIDUAL,87568.47,9.0
2021.0,5.0,ORTAKËRIA E PËRGJ.,7413.03,1.0
2021.0,11.0,INDIVIDUAL,65358.53,2.0
2023.0,10.0,SH.P.K.,0.0,3.0
2022.0,12.0,INDIVIDUAL,1266.0,1.0
2019.0,1.0,INDIVIDUAL,26530.38,2.0
2023.0,11.0,SH.P.K.,1771.0,1.0
2021.0,8.0,SH.P.K.,10097.1,1.0
2020.0,2.0,INDIVIDUAL,11414.35,3.0
2019.0,4.0,SH.P.K.,42032.8,7.0
2024.0,4.0,SHOQËRI AKCIONARE,0.0,1.0
2024.0,10.0,SH.P.K.,2780845.0,3.0
2020.0,7.0,SH.P.K.,5606.85,1.0
2023.0,9.0,SH.P.K.,190092.93,2.0
2024.0,4.0,INDIVIDUAL,367519.5,14.0
2022.0,10.0,INDIVIDUAL,542310.48,2.0
2024.0,7.0,INDIVIDUAL,50728.74,2.0
2024.0,2.0,INDIVIDUAL,5557.88,1.0
2020.0,3.0,INDIVIDUAL,2150.0,3.0
2023.0,7.0,ORTAKËRIA E PËRGJ.,19743.89,2.0
2023.0,2.0,SH.P.K.,76240.81,3.0
2023.0,2.0,INDIVIDUAL,134123.05,9.0
2025.0,6.0,INDIVIDUAL,1940.0,1.0
2025.0,12.0,INDIVIDUAL,13283.7,4.0
2023.0,7.0,SH.P.K.,165.26,3.0
2021.0,4.0,INDIVIDUAL,26745.1,3.0
2024.0,3.0,INDIVIDUAL,0.0,1.0
2024.0,6.0,INDIVIDUAL,18498.81,6.0
2020.0,6.0,INDIVIDUAL,0.0,2.0
2022.0,8.0,INDIVIDUAL,5971.42,3.0
2020.0,5.0,KOMPANI E HUAJ,0.0,2.0
2022.0,12.0,ORTAKËRIA E PËRGJ.,53208.29,1.0
2022.0,3.0,SH.P.K.,31943.52,2.0
2025.0,8.0,SH.P.K.,50791.03,1.0
2024.0,8.0,SH.P.K.,1691.04,1.0
2024.0,11.0,SH.P.K.,31231.27,1.0
2024.0,9.0,INDIVIDUAL,4576.5,1.0
2020.0,8.0,SH.P.K.,7293.55,1.0
2021.0,12.0,INDIVIDUAL,10251.65,2.0
2023.0,6.0,SH.P.K.,0.0,1.0
2019.0,6.0,TJETER,0.0,2.0
2020.0,4.0,SH.P.K.,17923.73,3.0
2022.0,7.0,SH.P.K.,51277.27,8.0
2020.0,11.0,SH.P.K.,32984.61,4.0
2019.0,9.0,SH.P.K.,0.0,2.0
2024.0,11.0,INDIVIDUAL,42201.43,2.0
2022.0,9.0,INDIVIDUAL,7757.2,1.0
2024.0,8.0,SH.P.K.,25425.45,2.0
2021.0,2.0,KOMPANI E HUAJ,0.0,1.0
2024.0,1.0,INDIVIDUAL,49171.89,4.0
2022.0,2.0,INDIVIDUAL,3403746.83,46.0
2025.0,12.0,INDIVIDUAL,26215.08,5.0
2024.0,1.0,SH.P.K.,1560.0,1.0
2020.0,11.0,SH.P.K.,0.0,1.0
2021.0,4.0,INDIVIDUAL,30797.22,4.0
2019.0,6.0,INDIVIDUAL,12823.75,8.0
2024.0,1.0,SH.P.K.,131881.46,2.0
2019.0,10.0,SH.P.K.,0.0,2.0
2022.0,2.0,INDIVIDUAL,985.0,2.0
2022.0,11.0,INDIVIDUAL,0.0,1.0
2024.0,5.0,SH.P.K.,70621.43,4.0
2019.0,5.0,INDIVIDUAL,733.49,3.0
2019.0,10.0,ORTAKËRIA E PËRGJ.,1824.58,1.0
2023.0,2.0,SH.P.K.,63791.7,1.0
2021.0,2.0,SH.P.K.,0.0,1.0
2021.0,1.0,SH.P.K.,102589.14,2.0
2019.0,10.0,ORTAKËRIA E PËRGJ.,10418.92,2.0
2024.0,2.0,SH.P.K.,711.36,1.0
2025.0,1.0,SHOQËRI AKCIONARE,81817.76,1.0
2020.0,3.0,INDIVIDUAL,46153.3,2.0
2021.0,12.0,INDIVIDUAL,105207.86,19.0
2020.0,6.0,INDIVIDUAL,2927.37,2.0
2025.0,10.0,SH.P.K.,15692.54,2.0
2021.0,10.0,INDIVIDUAL,23714.96,4.0
2020.0,12.0,INDIVIDUAL,0.0,2.0
2024.0,11.0,SH.P.K.,0.0,1.0
2022.0,7.0,INDIVIDUAL,0.0,1.0
2022.0,10.0,SH.P.K.,0.0,1.0
2023.0,6.0,SH.P.K.,0.0,1.0
2022.0,2.0,SH.P.K.,0.0,1.0
2022.0,4.0,INDIVIDUAL,4083.32,1.0
2024.0,4.0,SH.P.K.,22689.28,3.0
2021.0,8.0,SH.P.K.,42864.62,2.0
2022.0,5.0,SH.P.K.,1765.9,2.0
2023.0,5.0,SH.P.K.,45602.5,1.0
2022.0,8.0,INDIVIDUAL,22775.95,1.0
2023.0,11.0,SH.P.K.,21186.44,2.0
2020.0,8.0,INDIVIDUAL,0.0,2.0
2019.0,3.0,SH.P.K.,481.0,3.0
2019.0,3.0,INDIVIDUAL,0.0,1.0
2020.0,5.0,SH.P.K.,11589.99,1.0
2021.0,5.0,SH.P.K.,67141.19,3.0
2019.0,10.0,SHOQËRI AKCIONARE,326152.6,1.0
2025.0,5.0,INDIVIDUAL,15284.05,4.0
2024.0,1.0,KOMPANI E HUAJ,319835.0,1.0
2019.0,1.0,SH.P.K.,59481.56,1.0
2023.0,10.0,INDIVIDUAL,102763.43,6.0
2022.0,6.0,SH.P.K.,4620.0,1.0
2025.0,1.0,SH.P.K.,17853.47,2.0
2022.0,10.0,INDIVIDUAL,5812.03,2.0
2023.0,11.0,INDIVIDUAL,4002.07,1.0
2023.0,7.0,INDIVIDUAL,142865.52,3.0
2025.0,3.0,INDIVIDUAL,78109.63,14.0
2021.0,6.0,INDIVIDUAL,1260.0,2.0
2025.0,11.0,SH.P.K.,285989.16,11.0
2021.0,6.0,INDIVIDUAL,5847.5,4.0
2025.0,10.0,KOMPANI E HUAJ,759.92,1.0
2019.0,7.0,INDIVIDUAL,2211.86,1.0
2023.0,6.0,ORTAKËRIA E PËRGJ.,596831.05,1.0
2021.0,10.0,SH.P.K.,72428.62,3.0
2024.0,12.0,SH.P.K.,0.0,6.0
2023.0,8.0,SH.P.K.,0.0,1.0
2025.0,8.0,SH.P.K.,0.0,1.0
2023.0,11.0,SH.P.K.,1496916.9,1.0
2024.0,9.0,INDIVIDUAL,4356.5,2.0
2020.0,4.0,INDIVIDUAL,6264.5,1.0
2025.0,12.0,SH.P.K.,3579.7,1.0
2022.0,11.0,INDIVIDUAL,0.0,1.0
2023.0,12.0,INDIVIDUAL,2471.52,1.0
2024.0,5.0,SH.P.K.,8950.0,1.0
2019.0,5.0,SH.P.K.,1100.0,1.0
2019.0,5.0,INDIVIDUAL,49863.41,1.0
2023.0,9.0,SH.P.K.,2085.82,4.0
2020.0,3.0,INDIVIDUAL,4323.25,2.0
2019.0,1.0,ORTAKËRIA E PËRGJ.,828267.42,2.0
2021.0,10.0,SH.P.K.,43704.5,2.0
2025.0,10.0,SH.P.K.,553375.99,4.0
2020.0,8.0,SH.P.K.,6343.21,2.0
2021.0,4.0,SH.P.K.,127118.64,1.0
2023.0,5.0,SH.P.K.,80373.42,4.0
2025.0,4.0,SH.P.K.,33898.3,2.0
2022.0,12.0,SH.P.K.,77845.0,2.0
2025.0,9.0,SH.P.K.,2102365.62,2.0
2023.0,2.0,SH.P.K.,993.75,1.0
2024.0,11.0,NDËRMARRJE SHOQ.,0.0,1.0
2021.0,12.0,INDIVIDUAL,0.0,2.0
2022.0,6.0,SH.P.K.,84504.91,1.0
2025.0,7.0,SH.P.K.,17685.18,1.0
2022.0,3.0,KOMPANI E HUAJ,123945.0,2.0
2023.0,3.0,INDIVIDUAL,0.0,1.0
2020.0,7.0,INDIVIDUAL,2188399.0,11.0
2024.0,8.0,INDIVIDUAL,27490.57,3.0
2020.0,4.0,SH.P.K.,3410.16,2.0
2021.0,4.0,SH.P.K.,40455.24,1.0
2019.0,1.0,SH.P.K.,1658.9,2.0
2019.0,1.0,INDIVIDUAL,217226.22,16.0
2020.0,9.0,ORTAKËRIA E PËRGJ.,413178.54,5.0
2025.0,5.0,SH.P.K.,6084.75,1.0
2021.0,7.0,INDIVIDUAL,4677.96,1.0
2023.0,2.0,INDIVIDUAL,1853.85,4.0
2020.0,3.0,SH.P.K.,450.0,3.0
2025.0,4.0,INDIVIDUAL,0.0,1.0
2019.0,2.0,SH.P.K.,25487.57,1.0
2025.0,9.0,INDIVIDUAL,0.0,1.0
2021.0,1.0,INDIVIDUAL,5605.93,1.0
2023.0,10.0,INDIVIDUAL,6984.59,2.0
2023.0,7.0,SH.P.K.,65558.06,4.0
2022.0,8.0,SH.P.K.,3940.68,1.0
2021.0,7.0,SH.P.K.,384145.93,5.0
2023.0,4.0,SH.P.K.,5015889.2,3.0
2022.0,1.0,INDIVIDUAL,5020.34,6.0
2025.0,2.0,INDIVIDUAL,16953.99,1.0
2021.0,3.0,SH.P.K.,3721.82,5.0
2020.0,6.0,INDIVIDUAL,12766.06,2.0
2020.0,8.0,INDIVIDUAL,3156.95,1.0
2019.0,2.0,SH.P.K.,3201.85,5.0
2020.0,11.0,SH.P.K.,55320.16,2.0
2022.0,5.0,SH.P.K.,3267.62,2.0
2019.0,4.0,INDIVIDUAL,9363.04,1.0
2020.0,10.0,INDIVIDUAL,97301.19,6.0
2019.0,8.0,SH.P.K.,6272.03,1.0
2023.0,8.0,INDIVIDUAL,9322.04,3.0
2019.0,4.0,INDIVIDUAL,663.15,1.0
2021.0,12.0,KOOPERATIVA BUJQ.,0.0,1.0
2020.0,3.0,INDIVIDUAL,1341370.59,383.0
2019.0,9.0,SH.P.K.,6949.06,1.0
2024.0,4.0,SH.P.K.,21745.8,2.0
2025.0,3.0,SH.P.K.,17058.17,3.0
2025.0,7.0,SH.P.K.,19448.64,1.0
2019.0,5.0,SH.P.K.,55697.57,2.0
2024.0,6.0,INDIVIDUAL,5760.3,2.0
2023.0,4.0,INDIVIDUAL,9422.22,1.0
2023.0,2.0,SH.P.K.,83974.58,1.0
2022.0,3.0,INDIVIDUAL,18506.82,1.0
2025.0,4.0,SH.P.K.,52670.48,1.0
2025.0,1.0,SH.P.K.,15271.07,2.0
2022.0,2.0,NDËRMARRJE SHOQ.,2000.0,1.0
2022.0,3.0,INDIVIDUAL,0.0,2.0
2021.0,5.0,SH.P.K.,107950.37,2.0
2024.0,11.0,SH.P.K.,45924.83,9.0
2020.0,10.0,SH.P.K.,0.0,1.0
2024.0,5.0,SH.P.K.,304116.72,6.0
2020.0,10.0,INDIVIDUAL,0.0,1.0
2023.0,8.0,SH.P.K.,1834.58,3.0
2025.0,10.0,SH.P.K.,1951.05,1.0
2022.0,1.0,INDIVIDUAL,8022.08,1.0
2023.0,11.0,ORTAKËRIA E PËRGJ.,90495.05,1.0
2023.0,2.0,SH.P.K.,154596.64,6.0
2024.0,3.0,INDIVIDUAL,49673.06,26.0
2019.0,5.0,SH.P.K.,0.0,2.0
2023.0,2.0,SH.P.K.,38074.41,1.0
2019.0,7.0,INDIVIDUAL,3101.7,1.0
2023.0,12.0,INDIVIDUAL,7607.7,5.0
2022.0,7.0,INDIVIDUAL,21717.79,6.0
2020.0,12.0,SH.P.K.,95816.95,1.0
2024.0,5.0,SH.P.K.,0.0,1.0
2020.0,7.0,SH.P.K.,109191.08,8.0
2021.0,5.0,SH.P.K.,17985.89,2.0
2025.0,6.0,SH.P.K.,458.71,1.0
2020.0,12.0,SHOQËRI AKCIONARE,73970.65,1.0
2021.0,5.0,SH.P.K.,220103.13,2.0
2022.0,11.0,SH.P.K.,78470.61,4.0
2021.0,12.0,INDIVIDUAL,619201.07,1.0
2021.0,9.0,INDIVIDUAL,23580.82,13.0
2025.0,5.0,SHOQËRI AKCIONARE,1299651.79,1.0
2020.0,1.0,SH.P.K.,0.0,3.0
2025.0,5.0,INDIVIDUAL,660372.62,21.0
2021.0,6.0,INDIVIDUAL,9579.86,2.0
2019.0,8.0,INDIVIDUAL,13124.13,2.0
2021.0,1.0,INDIVIDUAL,53498.11,6.0
2020.0,4.0,SH.P.K.,56819.11,1.0
2023.0,1.0,SH.P.K.,17626.0,2.0
2022.0,8.0,SH.P.K.,16956.61,3.0
2022.0,5.0,INDIVIDUAL,30084.75,3.0
2021.0,9.0,INDIVIDUAL,186522.1,7.0
2023.0,1.0,INDIVIDUAL,56711.8,5.0
2020.0,6.0,SH.P.K.,352502.55,9.0
2021.0,9.0,INDIVIDUAL,17480.0,1.0
2022.0,9.0,SH.P.K.,1540.0,6.0
2020.0,11.0,SH.P.K.,3329.91,1.0
2022.0,11.0,SH.P.K.,450508.88,2.0
2022.0,2.0,SH.P.K.,3759.0,1.0
2021.0,8.0,SH.P.K.,6587.74,1.0
2020.0,1.0,SHOQËRI AKCIONARE,171587.0,1.0
2019.0,10.0,OJQ,0.0,1.0
2025.0,10.0,ORTAKËRIA E PËRGJ.,30073.4,1.0
2023.0,1.0,INDIVIDUAL,34204.94,1.0
2022.0,4.0,SH.P.K.,0.0,2.0
2019.0,6.0,SH.P.K.,2503.0,1.0
2023.0,6.0,INDIVIDUAL,696.0,1.0
2024.0,1.0,SH.P.K.,97712.62,7.0
2023.0,5.0,INDIVIDUAL,20956.71,2.0
2019.0,2.0,SH.P.K.,1096.57,2.0
2022.0,1.0,INDIVIDUAL,32922.79,2.0
2019.0,12.0,INDIVIDUAL,60529.1,3.0
2020.0,5.0,SH.P.K.,159944.31,5.0
2020.0,9.0,INDIVIDUAL,15887.06,5.0
2021.0,7.0,SH.P.K.,3925.0,1.0
2020.0,12.0,INDIVIDUAL,587350.77,201.0
2020.0,11.0,KOMPANI E HUAJ,5168.5,1.0
2020.0,8.0,INDIVIDUAL,4696.85,1.0
2024.0,7.0,SH.P.K.,0.0,1.0
2019.0,7.0,SH.P.K.,642.28,1.0
2021.0,8.0,INDIVIDUAL,305787.13,2.0
2025.0,1.0,SH.P.K.,8802.73,2.0
2024.0,4.0,SH.P.K.,104004.92,8.0
2023.0,5.0,ORTAKËRIA E PËRGJ.,13481.26,1.0
2024.0,6.0,INDIVIDUAL,700.0,2.0
2022.0,7.0,SH.P.K.,0.0,1.0
2023.0,8.0,SH.P.K.,69462.38,4.0
2023.0,5.0,INDIVIDUAL,19836.82,3.0
2022.0,12.0,SH.P.K.,0.0,1.0
2019.0,5.0,SH.P.K.,5929.83,1.0
2023.0,7.0,SH.P.K.,0.0,4.0
2023.0,4.0,INDIVIDUAL,0.0,1.0
2022.0,3.0,SH.P.K.,35848.31,3.0
2025.0,4.0,INDIVIDUAL,1016.95,1.0
2025.0,5.0,SH.P.K.,917.91,1.0
2020.0,9.0,INDIVIDUAL,7008.64,2.0
2020.0,5.0,SH.P.K.,4951813.86,2.0
2024.0,7.0,SH.P.K.,-680.0,1.0
2024.0,12.0,INDIVIDUAL,2397.0,1.0
2020.0,9.0,SH.P.K.,1035429.69,31.0
2022.0,1.0,INDIVIDUAL,15025.76,2.0
2020.0,3.0,INDIVIDUAL,6182.69,4.0
2021.0,3.0,SH.P.K.,2158653.67,3.0
2020.0,4.0,KOMPANI E HUAJ,2133313.56,1.0
2023.0,9.0,INDIVIDUAL,7940.9,1.0
2021.0,9.0,KOMPANI E HUAJ,0.0,1.0
2023.0,2.0,INDIVIDUAL,216232.6,1.0
2020.0,9.0,NDËRMARRJE SHOQ.,0.0,1.0
2025.0,6.0,INDIVIDUAL,1825.0,2.0
2025.0,5.0,SH.P.K.,91000.0,1.0
2023.0,6.0,INDIVIDUAL,2200.0,1.0
2024.0,4.0,SH.P.K.,1302941.6,55.0
2025.0,8.0,SH.P.K.,244733.03,7.0
2020.0,5.0,SH.P.K.,16026.09,2.0
2023.0,5.0,SH.P.K.,12.71,2.0
2022.0,5.0,INDIVIDUAL,8110.66,2.0
2019.0,5.0,INDIVIDUAL,13639.62,3.0
2019.0,7.0,INDIVIDUAL,5025.25,1.0
2022.0,2.0,SH.P.K.,18004.79,1.0
2019.0,3.0,SH.P.K.,25848.21,1.0
2023.0,12.0,INDIVIDUAL,48517.66,4.0
2022.0,4.0,SH.P.K.,7002.37,2.0
2021.0,7.0,SHOQËRI AKCIONARE,33292.95,1.0
2021.0,7.0,INDIVIDUAL,17568.97,2.0
2020.0,6.0,SH.P.K.,3389.85,1.0
2020.0,2.0,SH.P.K.,994.91,2.0
2022.0,4.0,INDIVIDUAL,19034.94,1.0
2023.0,10.0,INDIVIDUAL,154.24,4.0
2022.0,5.0,ORTAKËRIA E PËRGJ.,2566.95,1.0
2021.0,1.0,SH.P.K.,92407.08,6.0
2023.0,9.0,INDIVIDUAL,32924.57,16.0
2019.0,6.0,SH.P.K.,9121.06,3.0
2019.0,6.0,SH.P.K.,863612.98,3.0
2022.0,1.0,SH.P.K.,0.0,2.0
2019.0,6.0,SH.P.K.,23586.0,2.0
2021.0,7.0,INDIVIDUAL,1677.87,1.0
2025.0,8.0,INDIVIDUAL,105703.0,3.0
2022.0,7.0,SH.P.K.,10115.34,1.0
2025.0,11.0,SH.P.K.,2686.65,1.0
2025.0,4.0,SH.P.K.,47191.22,3.0
2023.0,3.0,INDIVIDUAL,7879.55,8.0
2021.0,6.0,SH.P.K.,243396.09,1.0
2022.0,2.0,SHOQËRI AKCIONARE,0.0,1.0
2025.0,4.0,SH.P.K.,82448.21,10.0
2025.0,3.0,SH.P.K.,5339.72,12.0
2020.0,12.0,OJQ,40580.99,22.0
2020.0,2.0,INDIVIDUAL,5241.54,1.0
2021.0,8.0,INDIVIDUAL,0.0,1.0
2022.0,5.0,SH.P.K.,1037.61,1.0
2019.0,1.0,INDIVIDUAL,10765.08,3.0
2020.0,9.0,SH.P.K.,611631.57,15.0
2022.0,10.0,SH.P.K.,0.0,1.0
2021.0,4.0,SH.P.K.,2664.19,1.0
2025.0,12.0,INDIVIDUAL,0.0,1.0
2025.0,1.0,INDIVIDUAL,12382.4,3.0
2025.0,2.0,INDIVIDUAL,0.0,1.0
2019.0,7.0,SH.P.K.,8381.36,1.0
2022.0,1.0,INDIVIDUAL,508.47,1.0
2022.0,6.0,INDIVIDUAL,4175.0,3.0
2019.0,5.0,SHOQËRI AKCIONARE,0.0,1.0
2020.0,7.0,INDIVIDUAL,4633.79,3.0
2025.0,2.0,INDIVIDUAL,25424.53,5.0
2020.0,4.0,SH.P.K.,11960.45,1.0
2020.0,3.0,INDIVIDUAL,1721.0,1.0
2019.0,10.0,INDIVIDUAL,47798.0,7.0
2025.0,7.0,INDIVIDUAL,263577.36,21.0
2021.0,1.0,SHOQËRI AKCIONARE,295457.41,3.0
2019.0,8.0,INDIVIDUAL,2113.81,1.0
2023.0,8.0,INDIVIDUAL,83419.83,2.0
2020.0,5.0,SH.P.K.,3692.14,2.0
2025.0,9.0,SH.P.K.,0.0,2.0
2019.0,1.0,SH.P.K.,0.0,1.0
2021.0,7.0,INDIVIDUAL,15983.05,2.0
2024.0,1.0,SH.P.K.,5738.85,2.0
2021.0,3.0,INDIVIDUAL,1646.0,3.0
2024.0,8.0,SH.P.K.,16128.84,7.0
2021.0,8.0,KOOPERATIVA,0.0,1.0
2025.0,9.0,SH.P.K.,0.0,2.0
2019.0,10.0,SH.P.K.,1473598.49,1.0
2021.0,11.0,INDIVIDUAL,1217.97,1.0
2025.0,6.0,SH.P.K.,20876.86,8.0
2022.0,1.0,INDIVIDUAL,46021.23,1.0
2019.0,12.0,INDIVIDUAL,243.22,1.0
2025.0,10.0,SH.P.K.,276479.88,18.0
2025.0,2.0,SH.P.K.,2821.18,1.0
2022.0,4.0,SH.P.K.,1288.07,5.0
2025.0,12.0,INDIVIDUAL,9194.92,1.0
2019.0,1.0,SH.P.K.,2283.6,1.0
2022.0,4.0,INDIVIDUAL,64396.05,2.0
2023.0,11.0,SH.P.K.,30331.14,3.0
2020.0,12.0,SH.P.K.,0.0,1.0
2020.0,10.0,INDIVIDUAL,110563.71,3.0
2023.0,1.0,OJQ,0.0,1.0
2023.0,10.0,INDIVIDUAL,1144.06,1.0
2020.0,6.0,SH.P.K.,1500.0,3.0
2024.0,2.0,SH.P.K.,75533.96,2.0
2023.0,10.0,SH.P.K.,12171.52,10.0
2025.0,12.0,SH.P.K.,33071.25,3.0
2024.0,3.0,SH.P.K.,190373.94,2.0
2021.0,12.0,SH.P.K.,24008.78,4.0
2023.0,9.0,SH.P.K.,0.0,4.0
2023.0,3.0,INDIVIDUAL,0.0,1.0
2024.0,12.0,OJQ,0.0,4.0
2025.0,8.0,SH.P.K.,0.0,1.0
2021.0,6.0,INDIVIDUAL,6260.0,1.0
2022.0,1.0,INDIVIDUAL,2939.16,2.0
2024.0,7.0,SH.P.K.,38666.87,3.0
2020.0,4.0,INDIVIDUAL,400.0,2.0
2025.0,1.0,SH.P.K.,37520.62,2.0
2020.0,3.0,INDIVIDUAL,14742.51,1.0
2019.0,6.0,SH.P.K.,4240.34,2.0
2019.0,10.0,KOMPANI E HUAJ,1761456.25,3.0
2022.0,5.0,SH.P.K.,1762.71,1.0
2023.0,1.0,SHOQËRI AKCIONARE,0.0,1.0
2022.0,5.0,INDIVIDUAL,34776.0,2.0
2019.0,9.0,SH.P.K.,2350.0,1.0
2023.0,7.0,SH.P.K.,100094.82,2.0
2021.0,4.0,SHOQËRI AKCIONARE,0.0,1.0
2024.0,8.0,SH.P.K.,54485.65,2.0
2021.0,11.0,SH.P.K.,159442.63,1.0
2024.0,1.0,SH.P.K.,772579.96,14.0
2021.0,11.0,SH.P.K.,5000.0,3.0
2023.0,2.0,SH.P.K.,27510.62,2.0
2020.0,12.0,INDIVIDUAL,10680.0,2.0
2021.0,2.0,PERSON FIZIK,0.0,1.0
2019.0,1.0,INDIVIDUAL,368191.88,22.0
2021.0,1.0,SH.P.K.,291152.92,1.0
2025.0,8.0,INDIVIDUAL,1292.97,1.0
2021.0,9.0,SH.P.K.,55138.16,2.0
2023.0,6.0,INDIVIDUAL,5868.7,4.0
2023.0,5.0,SH.P.K.,2353011.6,69.0
2019.0,12.0,INDIVIDUAL,1986.0,1.0
2021.0,7.0,INDIVIDUAL,3854.09,1.0
2019.0,9.0,SH.P.K.,29637.4,3.0
2024.0,5.0,INDIVIDUAL,3393.47,1.0
2022.0,1.0,INDIVIDUAL,154680.76,7.0
2019.0,7.0,INDIVIDUAL,16898.78,4.0
2025.0,10.0,SH.P.K.,982651.25,29.0
2020.0,1.0,SH.P.K.,2918.0,1.0
2024.0,12.0,SH.P.K.,2403329.77,33.0
2024.0,10.0,SH.P.K.,6100965.59,14.0
2020.0,5.0,INDIVIDUAL,122976.28,17.0
2019.0,5.0,SH.P.K.,0.0,1.0
2019.0,9.0,SH.P.K.,38642.38,3.0
2020.0,9.0,INDIVIDUAL,10640.0,2.0
2025.0,8.0,INDIVIDUAL,134534.64,3.0
2020.0,10.0,INDIVIDUAL,12250.0,1.0
2024.0,12.0,SH.P.K.,2178.42,1.0
2021.0,10.0,SH.P.K.,465712.71,15.0
2022.0,10.0,INDIVIDUAL,7486.44,3.0
2024.0,4.0,SH.P.K.,33176.72,5.0
2021.0,10.0,INDIVIDUAL,4227.87,1.0
2020.0,11.0,INDIVIDUAL,4576.27,2.0
2024.0,8.0,SH.P.K.,0.0,1.0
2019.0,11.0,SH.P.K.,832128.28,36.0
2019.0,2.0,ORTAKËRIA E PËRGJ.,39151.83,1.0
2021.0,12.0,INDIVIDUAL,12077.14,1.0
2020.0,1.0,ORTAKËRIA E PËRGJ.,0.0,1.0
2025.0,6.0,INDIVIDUAL,0.0,1.0
2019.0,12.0,SH.P.K.,1085000.94,26.0
2025.0,2.0,INDIVIDUAL,246569.59,15.0
2019.0,12.0,SH.P.K.,2152.74,1.0
2021.0,12.0,INDIVIDUAL,2200.0,1.0
2024.0,8.0,INDIVIDUAL,10535.22,3.0
2023.0,1.0,NDËRMARRJE PUB.,102.66,1.0
2021.0,10.0,INDIVIDUAL,71915.67,8.0
2019.0,5.0,SH.P.K.,17974.34,1.0
2024.0,9.0,SHOQËRI AKCIONARE,465722.51,1.0
2022.0,5.0,SH.P.K.,4505.44,4.0
2020.0,4.0,INDIVIDUAL,11600.12,3.0
2020.0,3.0,NDËRMARRJE NËN MENAXHIM TË AKP-SË,1159.32,1.0
2024.0,6.0,SH.P.K.,39024.77,7.0
2019.0,9.0,INDIVIDUAL,1300.0,1.0
2025.0,9.0,SH.P.K.,7080.64,3.0
2023.0,3.0,PERSON FIZIK,2202145.21,264.0
2024.0,6.0,SH.P.K.,1432133.51,5.0
2020.0,1.0,INDIVIDUAL,3425.68,2.0
2019.0,3.0,SH.P.K.,536.44,1.0
2019.0,8.0,SH.P.K.,338238.96,2.0
2023.0,11.0,INDIVIDUAL,0.0,1.0
2022.0,3.0,INDIVIDUAL,5504.15,4.0
2022.0,9.0,INDIVIDUAL,3597.75,4.0
2024.0,10.0,SH.P.K.,139529.37,11.0
2025.0,10.0,SH.P.K.,19320.89,1.0
2021.0,9.0,SH.P.K.,1530.0,1.0
2021.0,8.0,ORTAKËRIA E PËRGJ.,3100.13,1.0
2019.0,2.0,INDIVIDUAL,474.58,3.0
2022.0,10.0,INDIVIDUAL,11703.81,1.0
2022.0,11.0,SH.P.K.,0.0,1.0
2023.0,5.0,INDIVIDUAL,67226.17,6.0
2024.0,10.0,INDIVIDUAL,3934.75,2.0
2021.0,1.0,INDIVIDUAL,8968.41,1.0
2023.0,11.0,INDIVIDUAL,72451.77,6.0
2025.0,2.0,SH.P.K.,0.0,1.0
2021.0,2.0,SH.P.K.,21701.0,2.0
2021.0,7.0,SH.P.K.,0.0,1.0
2020.0,6.0,SH.P.K.,1410.0,1.0
2023.0,5.0,INDIVIDUAL,66653.19,6.0
2024.0,9.0,INDIVIDUAL,37240.4,9.0
2021.0,7.0,INDIVIDUAL,192.0,1.0
2021.0,3.0,SH.P.K.,0.0,2.0
2023.0,4.0,INDIVIDUAL,102516.31,17.0
2019.0,12.0,SH.P.K.,85655.85,7.0
2019.0,2.0,INDIVIDUAL,33292.21,13.0
2024.0,7.0,SH.P.K.,4497.88,1.0
2023.0,9.0,SH.P.K.,10807.99,1.0
2022.0,5.0,SHOQËRI AKCIONARE,20428.64,2.0
2019.0,5.0,ORTAKËRIA E PËRGJ.,0.0,1.0
2020.0,7.0,INDIVIDUAL,84556.48,2.0
2025.0,7.0,SH.P.K.,40756.95,4.0
2020.0,7.0,ORTAKËRIA E PËRGJ.,0.0,2.0
2023.0,11.0,INDIVIDUAL,105855.92,1.0
2021.0,1.0,SH.P.K.,1474633.23,74.0
2024.0,2.0,INDIVIDUAL,3394.06,1.0
2024.0,11.0,INDIVIDUAL,214775.29,33.0
2023.0,12.0,ORTAKËRIA E PËRGJ.,0.0,1.0
2023.0,2.0,INDIVIDUAL,16661.02,1.0
2023.0,10.0,SH.P.K.,4997.64,2.0
2022.0,2.0,INDIVIDUAL,2727.97,3.0
2024.0,2.0,SH.P.K.,29881.01,1.0
2024.0,3.0,INDIVIDUAL,21451.33,2.0
2021.0,7.0,INDIVIDUAL,64445.87,7.0
2021.0,3.0,INDIVIDUAL,9472.38,3.0
2022.0,11.0,INDIVIDUAL,54832.66,1.0
2024.0,4.0,SH.P.K.,14000.0,1.0
2024.0,8.0,SH.P.K.,2777.77,2.0
2021.0,2.0,INDIVIDUAL,0.0,1.0
2021.0,4.0,SH.P.K.,1810.35,1.0
2019.0,5.0,INDIVIDUAL,14601.31,3.0
2025.0,7.0,SH.P.K.,869531.49,4.0
2023.0,12.0,SH.P.K.,76295.42,12.0
2021.0,11.0,SH.P.K.,51671.63,2.0
2024.0,6.0,INDIVIDUAL,6986.75,1.0
2022.0,7.0,ORTAKËRIA E PËRGJ.,60625.03,1.0
2019.0,8.0,ORTAKËRIA E PËRGJ.,47438.08,3.0
2021.0,5.0,PERSON FIZIK,61873.24,4.0
2022.0,6.0,SH.P.K.,48191.95,2.0
2022.0,6.0,INDIVIDUAL,1289.0,1.0
2019.0,6.0,SH.P.K.,29948.0,8.0
2025.0,9.0,SH.P.K.,5000.0,2.0
2021.0,10.0,INDIVIDUAL,0.0,1.0
2024.0,1.0,SH.P.K.,13133.05,1.0
2024.0,5.0,SH.P.K.,281329.37,4.0
2024.0,10.0,SHOQËRI AKCIONARE,280315.83,1.0
2019.0,1.0,SH.P.K.,3389.83,2.0
2021.0,3.0,INDIVIDUAL,11253.12,1.0
2023.0,5.0,SH.P.K.,0.0,1.0
2022.0,2.0,SH.P.K.,13851.35,2.0
2019.0,3.0,SH.P.K.,0.0,1.0
2019.0,12.0,ORTAKËRIA E PËRGJ.,12725.85,1.0
2021.0,5.0,SHOQËRI AKCIONARE,127008.66,1.0
2022.0,4.0,SH.P.K.,0.0,2.0
2020.0,6.0,SHOQËRI AKCIONARE,5485.9,1.0
2023.0,8.0,INDIVIDUAL,5611.0,1.0
2021.0,5.0,SH.P.K.,2811689.0,4.0
2022.0,12.0,INDIVIDUAL,5998.0,4.0
2022.0,2.0,SH.P.K.,210408.45,2.0
2025.0,7.0,INDIVIDUAL,0.0,1.0
2022.0,11.0,INDIVIDUAL,9804.73,4.0
2022.0,12.0,INDIVIDUAL,18791.15,16.0
2025.0,2.0,SH.P.K.,508702.16,2.0
2025.0,11.0,KOMPANI E HUAJ,10930.95,1.0
2025.0,1.0,SH.P.K.,108331.87,2.0
2025.0,1.0,INDIVIDUAL,27573.73,1.0
2020.0,6.0,INDIVIDUAL,14427.83,2.0
2020.0,11.0,SH.P.K.,1479.08,1.0
2019.0,2.0,SH.P.K.,96927.94,6.0
2024.0,3.0,INDIVIDUAL,18577.55,11.0
2020.0,10.0,SH.P.K.,899544.33,4.0
2022.0,6.0,SH.P.K.,104384.04,3.0
2025.0,2.0,SH.P.K.,12791.33,4.0
2023.0,7.0,SH.P.K.,27681.42,1.0
2020.0,3.0,INDIVIDUAL,102323.2,49.0
2019.0,12.0,SH.P.K.,49887.27,2.0
2019.0,7.0,SH.P.K.,35000.0,1.0
2021.0,12.0,SH.P.K.,325362.88,4.0
2019.0,2.0,SH.P.K.,1210.0,1.0
2020.0,12.0,INDIVIDUAL,142485.94,25.0
2023.0,3.0,INDIVIDUAL,8500.0,17.0
2025.0,5.0,SH.P.K.,3989.66,3.0
2025.0,6.0,INDIVIDUAL,0.0,1.0
2022.0,6.0,SH.P.K.,0.0,1.0
2024.0,11.0,INDIVIDUAL,86240.19,9.0
2020.0,11.0,INDIVIDUAL,72961.18,2.0
2021.0,6.0,SH.P.K.,7290.06,3.0
2024.0,7.0,INDIVIDUAL,2932.29,1.0
2020.0,3.0,SH.P.K.,33115.08,1.0
2020.0,2.0,SH.P.K.,13701.77,1.0
2024.0,3.0,SH.P.K.,8225.08,2.0
2024.0,5.0,SH.P.K.,0.0,1.0
2019.0,7.0,ORTAKËRIA E PËRGJ.,495547.49,2.0
2024.0,4.0,SH.P.K.,768.97,1.0
2019.0,5.0,SH.P.K.,11544.31,2.0
2024.0,3.0,SH.P.K.,325586.19,26.0
2020.0,7.0,SH.P.K.,13559.32,1.0
2023.0,1.0,SH.P.K.,1837.57,1.0
2019.0,6.0,SH.P.K.,359790.17,5.0
2021.0,6.0,INDIVIDUAL,6000.0,3.0
2023.0,8.0,SH.P.K.,167290.89,2.0
2019.0,11.0,SH.P.K.,8981.73,1.0
2019.0,6.0,INDIVIDUAL,22606.39,5.0
2025.0,1.0,SH.P.K.,0.0,2.0
2022.0,4.0,SH.P.K.,276908.42,31.0
2021.0,7.0,SHOQËRI AKCIONARE,0.0,1.0
2023.0,1.0,SH.P.K.,19968.19,3.0
2020.0,1.0,INDIVIDUAL,309708.72,2.0
2020.0,7.0,SH.P.K.,133751.57,2.0
2020.0,4.0,INDIVIDUAL,0.0,1.0
2021.0,10.0,INDIVIDUAL,0.0,1.0
2025.0,10.0,SH.P.K.,66543.22,5.0
2022.0,3.0,INDIVIDUAL,400.0,1.0
2019.0,8.0,SH.P.K.,9566.0,3.0
2022.0,8.0,SH.P.K.,274184.95,6.0
2025.0,7.0,SHOQËRI AKCIONARE,194549.75,1.0
2023.0,4.0,ORTAKËRIA E PËRGJ.,2888.56,1.0
2021.0,11.0,SH.P.K.,901807.46,67.0
2022.0,8.0,INDIVIDUAL,94835.93,3.0
2023.0,7.0,SH.P.K.,2169.5,1.0
2024.0,11.0,SH.P.K.,4328.81,1.0
2023.0,12.0,INDIVIDUAL,12438.0,3.0
2019.0,9.0,SH.P.K.,27077.26,2.0
2019.0,8.0,INDIVIDUAL,4703.38,1.0
2021.0,9.0,NDËRMARRJE SHOQ.,0.0,1.0
2023.0,4.0,SH.P.K.,0.0,1.0
2024.0,10.0,PËRFAQËSUES FISKAL,469693.9,3.0
2019.0,4.0,INDIVIDUAL,56362.71,2.0
2022.0,6.0,SH.P.K.,157240.08,2.0
2023.0,7.0,SH.P.K.,3965.0,1.0
2024.0,8.0,SH.P.K.,85375.47,5.0
2022.0,10.0,SH.P.K.,514260.78,15.0
2024.0,3.0,INDIVIDUAL,2033.89,1.0
2024.0,5.0,INDIVIDUAL,740.61,1.0
2019.0,8.0,SH.P.K.,2318.85,1.0
2022.0,8.0,INDIVIDUAL,2555.08,2.0
2021.0,1.0,INDIVIDUAL,9280.84,3.0
2020.0,6.0,INDIVIDUAL,1144.0,2.0
2022.0,10.0,SH.P.K.,9752.05,1.0
2019.0,4.0,SH.P.K.,2987.29,1.0
2020.0,12.0,ORTAKËRIA E PËRGJ.,0.0,1.0
2023.0,6.0,INDIVIDUAL,1152.0,1.0
2020.0,2.0,SH.P.K.,5330392.21,18.0
2019.0,7.0,SH.P.K.,59574.8,1.0
2019.0,1.0,INDIVIDUAL,11554.48,3.0
2022.0,7.0,INDIVIDUAL,11427.6,2.0
2024.0,10.0,SH.P.K.,209328.46,7.0
2019.0,4.0,INDIVIDUAL,13269.59,3.0
2020.0,6.0,INDIVIDUAL,43.58,1.0
2025.0,5.0,INDIVIDUAL,105163.63,3.0
2021.0,6.0,SH.P.K.,2083352.07,12.0
2024.0,8.0,SH.P.K.,297927.86,3.0
2023.0,7.0,INDIVIDUAL,7353.81,1.0
2023.0,11.0,SH.P.K.,3700.0,1.0
2022.0,12.0,SH.P.K.,46025.06,5.0
2020.0,9.0,SH.P.K.,25238.28,1.0
2020.0,11.0,SH.P.K.,20367.44,2.0
2024.0,1.0,SH.P.K.,292686.24,3.0
2020.0,9.0,INDIVIDUAL,3244.0,3.0
2019.0,10.0,INDIVIDUAL,3089.87,1.0
2019.0,9.0,SH.P.K.,945.0,4.0
2025.0,3.0,INDIVIDUAL,17193.0,2.0
2022.0,4.0,INDIVIDUAL,13852.37,2.0
2023.0,1.0,INDIVIDUAL,10301.32,3.0
2022.0,10.0,INDIVIDUAL,28406.99,4.0
2019.0,4.0,SH.P.K.,0.0,2.0
2023.0,3.0,SH.P.K.,68933.51,4.0
2023.0,8.0,SH.P.K.,12902.55,1.0
2020.0,12.0,INDIVIDUAL,0.0,1.0
2025.0,9.0,SH.P.K.,1281.35,1.0
2019.0,10.0,SH.P.K.,0.0,1.0
2021.0,8.0,INDIVIDUAL,21292.38,1.0
2022.0,9.0,INDIVIDUAL,28715.75,3.0
2021.0,3.0,INDIVIDUAL,58284.83,41.0
2025.0,9.0,INDIVIDUAL,6562.25,10.0
2024.0,6.0,NDËRMARRJE SHOQ.,590.33,2.0
2020.0,10.0,SH.P.K.,2711.94,1.0
2019.0,2.0,SH.P.K.,2694.39,2.0
2022.0,12.0,SH.P.K.,105721.64,2.0
2019.0,3.0,INDIVIDUAL,2997.18,6.0
2023.0,10.0,SH.P.K.,4647338.69,2.0
2021.0,11.0,SH.P.K.,9552.08,1.0
2023.0,10.0,SH.P.K.,12415.24,1.0
2025.0,3.0,SH.P.K.,12393.81,3.0
2021.0,4.0,KOMPANI E HUAJ,0.0,1.0
2023.0,9.0,INDIVIDUAL,6420.0,4.0
2022.0,1.0,SH.P.K.,5398.98,2.0
2023.0,5.0,INDIVIDUAL,5727.47,2.0
2025.0,3.0,SH.P.K.,17327.85,8.0
2024.0,3.0,ORTAKËRIA E PËRGJ.,0.0,1.0
2019.0,3.0,INDIVIDUAL,7134.27,1.0
2019.0,12.0,SH.P.K.,692885.91,2.0
2020.0,5.0,INDIVIDUAL,0.0,1.0
2023.0,9.0,SH.P.K.,18625.61,3.0
2025.0,4.0,INDIVIDUAL,4000.0,2.0
2025.0,4.0,INDIVIDUAL,14045.68,4.0
2023.0,7.0,SH.P.K.,0.0,1.0
2025.0,11.0,INDIVIDUAL,35318.44,2.0
2021.0,10.0,SH.P.K.,8997.61,1.0
2019.0,11.0,SHOQËRI AKCIONARE,0.0,1.0
2022.0,8.0,INDIVIDUAL,20633.95,1.0
2022.0,10.0,SH.P.K.,2288.75,1.0
2023.0,12.0,INDIVIDUAL,0.0,2.0
2020.0,8.0,SH.P.K.,54404.4,3.0
2022.0,7.0,SH.P.K.,3385.01,1.0
2025.0,12.0,INDIVIDUAL,19747.02,11.0
2022.0,12.0,ORTAKËRIA E PËRGJ.,5605.0,1.0
2024.0,1.0,INDIVIDUAL,23517.74,2.0
2022.0,3.0,SH.P.K.,530687.83,13.0
2025.0,8.0,SH.P.K.,4394.06,2.0
2023.0,3.0,SH.P.K.,5635.59,1.0
2023.0,7.0,KOMPANI E HUAJ,5189484.77,1.0
2019.0,2.0,SH.P.K.,6722.56,1.0
2019.0,9.0,SH.P.K.,11784.97,1.0
2020.0,10.0,INDIVIDUAL,48329.24,3.0
2020.0,6.0,INDIVIDUAL,3805.0,3.0
2024.0,6.0,SH.P.K.,0.0,1.0
2025.0,11.0,SH.P.K.,27645.85,4.0
2020.0,1.0,INDIVIDUAL,25322.89,9.0
2019.0,8.0,INDIVIDUAL,8785.25,1.0
2025.0,11.0,INDIVIDUAL,38287.02,4.0
2024.0,2.0,SH.P.K.,262.54,1.0
2022.0,6.0,INDIVIDUAL,329020.24,31.0
2020.0,1.0,SH.P.K.,0.0,2.0
2020.0,9.0,KOMPANI E HUAJ,0.0,1.0
2021.0,10.0,SH.P.K.,0.0,2.0
2020.0,12.0,SH.P.K.,3070.0,1.0
2025.0,1.0,SH.P.K.,0.0,1.0
2024.0,9.0,SH.P.K.,17170.0,2.0
2023.0,4.0,SH.P.K.,86989.58,2.0
2025.0,9.0,SH.P.K.,78164.07,23.0
2021.0,12.0,INDIVIDUAL,42275.87,3.0
2021.0,1.0,INDIVIDUAL,1120.34,2.0
2019.0,4.0,INDIVIDUAL,12719.35,1.0
2021.0,9.0,SH.P.K.,98475.29,2.0
2019.0,11.0,INDIVIDUAL,14685.63,2.0
2025.0,2.0,SH.P.K.,17386.33,1.0
2019.0,12.0,SH.P.K.,1499034.35,20.0
2019.0,2.0,SH.P.K.,0.0,1.0
2021.0,11.0,SH.P.K.,56280.64,3.0
2019.0,4.0,INDIVIDUAL,10071.47,2.0
2020.0,1.0,SH.P.K.,8631.79,2.0
2022.0,2.0,OJQ,-666.86,1.0
2021.0,12.0,PROJEKT,0.0,1.0
2024.0,9.0,INDIVIDUAL,338413.97,1.0
2024.0,6.0,SH.P.K.,285043.82,7.0
2023.0,10.0,SH.P.K.,374751.19,10.0
2024.0,9.0,INDIVIDUAL,1834.4,3.0
2021.0,9.0,KOMPANI E HUAJ,98893.8,2.0
2025.0,7.0,SH.P.K.,0.0,1.0
2020.0,7.0,SH.P.K.,0.0,1.0
2024.0,12.0,INDIVIDUAL,15905.5,11.0
2023.0,8.0,KONSORCIUM,0.0,1.0
2024.0,6.0,SH.P.K.,3865.0,1.0
2020.0,4.0,SH.P.K.,0.0,7.0
2019.0,2.0,SH.P.K.,395564.9,5.0
2020.0,7.0,SH.P.K.,4175.04,1.0
2025.0,9.0,INDIVIDUAL,56358.1,10.0
2021.0,6.0,SH.P.K.,630.0,4.0
2025.0,10.0,SH.P.K.,128942.08,7.0
2021.0,1.0,SH.P.K.,0.0,2.0
2020.0,4.0,SH.P.K.,0.0,1.0
2019.0,3.0,INDIVIDUAL,44881.79,17.0
2022.0,11.0,SH.P.K.,139123.47,9.0
2023.0,4.0,SH.P.K.,249077.36,9.0
2025.0,11.0,SH.P.K.,144815.97,2.0
2021.0,2.0,INDIVIDUAL,0.0,1.0
2021.0,8.0,INDIVIDUAL,808.49,1.0
2024.0,2.0,INDIVIDUAL,2488.47,1.0
2025.0,11.0,SH.P.K.,99465.85,9.0
2022.0,12.0,INDIVIDUAL,15161.51,5.0
2019.0,3.0,INDIVIDUAL,2000.0,6.0
2024.0,11.0,INDIVIDUAL,18900.0,5.0
2025.0,11.0,SH.P.K.,974754.51,3.0
2020.0,1.0,SH.P.K.,0.0,1.0
2025.0,6.0,INDIVIDUAL,1869.5,2.0
2025.0,6.0,SH.P.K.,319454.78,3.0
2025.0,3.0,SH.P.K.,0.0,2.0
2021.0,11.0,SH.P.K.,0.0,1.0
2024.0,4.0,INDIVIDUAL,7321.87,2.0
2024.0,9.0,INDIVIDUAL,156464.97,38.0
2025.0,11.0,INDIVIDUAL,0.0,1.0
2025.0,4.0,INDIVIDUAL,9244.36,4.0
2023.0,8.0,SH.P.K.,3499.15,1.0
2022.0,4.0,SH.P.K.,42400.8,8.0
2019.0,11.0,SH.P.K.,78767.91,10.0
2022.0,11.0,INDIVIDUAL,4407.79,1.0
2025.0,12.0,INDIVIDUAL,3215.0,3.0
2019.0,11.0,SH.P.K.,11976.1,1.0
2023.0,9.0,SH.P.K.,1246397.99,19.0
2023.0,1.0,SH.P.K.,29091.1,3.0
2024.0,11.0,SH.P.K.,88.14,1.0
2024.0,1.0,SH.P.K.,101895.36,1.0
2024.0,3.0,SH.P.K.,22681.0,12.0
2024.0,4.0,SH.P.K.,8150037.49,3.0
2025.0,12.0,INDIVIDUAL,1222456.26,86.0
2019.0,11.0,SH.P.K.,5211.53,1.0
2024.0,9.0,KOMPANI E HUAJ,0.0,2.0
2024.0,10.0,ORTAKËRIA E PËRGJ.,50001.37,1.0
2021.0,11.0,SH.P.K.,2413016.13,3.0
2019.0,8.0,INDIVIDUAL,15911.1,1.0
2020.0,4.0,SH.P.K.,172759.01,2.0
2024.0,9.0,INDIVIDUAL,8744.9,1.0
2023.0,12.0,SH.P.K.,19847.89,1.0
2019.0,7.0,INDIVIDUAL,68485.13,3.0
2021.0,5.0,INDIVIDUAL,83888.12,10.0
2021.0,5.0,INDIVIDUAL,4000.0,3.0
2022.0,7.0,SH.P.K.,108694.77,4.0
2022.0,5.0,INDIVIDUAL,1500.0,1.0
2025.0,3.0,SH.P.K.,11168.82,4.0
2024.0,4.0,SH.P.K.,92118.64,3.0
2022.0,11.0,NDËRMARRJE SHOQ.,4429.83,1.0
2019.0,8.0,SH.P.K.,318325.91,6.0
2019.0,4.0,SH.P.K.,214257.05,10.0
2019.0,11.0,SH.P.K.,16319.5,2.0
2021.0,4.0,INDIVIDUAL,2634.99,3.0
2025.0,12.0,INDIVIDUAL,9990.0,1.0
2020.0,2.0,INDIVIDUAL,0.0,3.0
2025.0,8.0,SHOQËRI AKCIONARE,3017.37,1.0
2022.0,10.0,SH.P.K.,0.0,2.0
2025.0,5.0,INDIVIDUAL,3235.59,1.0
2020.0,4.0,SH.P.K.,336.0,1.0
2019.0,1.0,SH.P.K.,27368.43,2.0
2019.0,11.0,SH.P.K.,4767.02,1.0
2019.0,3.0,INDIVIDUAL,59705.85,26.0
2021.0,7.0,INDIVIDUAL,8474.58,1.0
2022.0,9.0,KOMPANI E HUAJ,25698.09,1.0
2020.0,5.0,SH.P.K.,1930.51,7.0
2020.0,9.0,KOMPANI E HUAJ,0.0,1.0
2024.0,3.0,INDIVIDUAL,59203.01,5.0
2025.0,2.0,SH.P.K.,160726.72,16.0
2024.0,2.0,SH.P.K.,2898658.43,33.0
2022.0,4.0,INDIVIDUAL,841.36,1.0
2022.0,7.0,INDIVIDUAL,1169.49,2.0
2025.0,9.0,INDIVIDUAL,3518.0,3.0
2024.0,12.0,INDIVIDUAL,28560.0,5.0
2025.0,9.0,SHOQËRI AKCIONARE,1466951.93,1.0
2020.0,6.0,INDIVIDUAL,7292.0,9.0
2022.0,6.0,INDIVIDUAL,799.0,1.0
2020.0,8.0,INDIVIDUAL,0.0,2.0
2024.0,9.0,INDIVIDUAL,4300.0,1.0
2021.0,4.0,INDIVIDUAL,8888.08,3.0
2019.0,11.0,INDIVIDUAL,19790.02,1.0
2024.0,6.0,SH.P.K.,95549.15,6.0
2021.0,9.0,INDIVIDUAL,1827.0,1.0
2024.0,7.0,SH.P.K.,198993.25,29.0
2024.0,9.0,INDIVIDUAL,950.0,2.0
2023.0,6.0,INDIVIDUAL,0.0,2.0
2022.0,9.0,SH.P.K.,240821.92,2.0
2025.0,12.0,INDIVIDUAL,27965.99,7.0
2025.0,8.0,SH.P.K.,16664.88,1.0
2022.0,2.0,SH.P.K.,6668758.95,2.0
2022.0,8.0,INDIVIDUAL,20294.95,3.0
2024.0,6.0,SH.P.K.,58096.99,3.0
2024.0,5.0,INDIVIDUAL,12547.26,3.0
2021.0,10.0,INDIVIDUAL,5544.45,1.0
2023.0,9.0,ORTAKËRIA E PËRGJ.,44792.0,1.0
2023.0,2.0,SH.P.K.,10260.84,2.0
2025.0,4.0,SH.P.K.,194544.93,9.0
2019.0,10.0,INDIVIDUAL,0.0,2.0
2019.0,10.0,NDËRMARRJE SHOQ.,0.0,1.0
2025.0,11.0,INDIVIDUAL,266945.03,2.0
2024.0,8.0,INDIVIDUAL,3596.95,2.0
2020.0,12.0,INDIVIDUAL,12665.05,8.0
2021.0,4.0,INDIVIDUAL,0.0,3.0
2024.0,5.0,INDIVIDUAL,18494.26,2.0
2024.0,7.0,KOMPANI E HUAJ,10564.14,3.0
2025.0,7.0,SH.P.K.,0.0,2.0
2022.0,10.0,SH.P.K.,146942.98,1.0
2021.0,8.0,SH.P.K.,0.0,1.0
2020.0,1.0,INDIVIDUAL,10397.72,1.0
2022.0,6.0,SH.P.K.,852.6,4.0
2019.0,10.0,INDIVIDUAL,55106.68,1.0
2023.0,4.0,SH.P.K.,2075.49,4.0
2024.0,9.0,NDËRMARRJE PUB.,0.0,1.0
2020.0,2.0,SH.P.K.,15041.96,2.0
2024.0,2.0,SH.P.K.,816.46,1.0
2020.0,7.0,SH.P.K.,1092.04,1.0
2020.0,8.0,INDIVIDUAL,2120.3,2.0
2025.0,5.0,SH.P.K.,0.0,1.0
2021.0,3.0,INDIVIDUAL,6933.14,3.0
2019.0,9.0,INDIVIDUAL,1085.5,1.0
2020.0,2.0,INDIVIDUAL,4919.07,3.0
2023.0,10.0,INDIVIDUAL,22984.61,1.0
2020.0,5.0,SH.P.K.,5434.65,1.0
2025.0,8.0,SH.P.K.,0.0,1.0
2021.0,2.0,SH.P.K.,178089.9,19.0
2023.0,12.0,INDIVIDUAL,0.0,2.0
2020.0,3.0,SHOQËRI AKCIONARE,0.0,1.0
2022.0,9.0,SH.P.K.,1000.0,1.0
2019.0,1.0,SH.P.K.,0.0,2.0
2019.0,8.0,SH.P.K.,384859.57,4.0
2023.0,1.0,KOMPANI E HUAJ,589.42,1.0
2024.0,7.0,SH.P.K.,396502.12,1.0
2025.0,4.0,SH.P.K.,8127.12,1.0
2021.0,6.0,INDIVIDUAL,1250.0,1.0
2022.0,10.0,SH.P.K.,0.0,1.0
2025.0,12.0,SH.P.K.,29433.0,1.0
2020.0,10.0,INDIVIDUAL,52504.82,2.0
2022.0,9.0,INDIVIDUAL,42339.68,7.0
2023.0,1.0,INDIVIDUAL,182784.86,1.0
2024.0,8.0,SH.P.K.,0.0,4.0
2022.0,8.0,SH.P.K.,0.0,1.0
2022.0,8.0,SH.P.K.,11860.0,5.0
2025.0,10.0,SH.P.K.,131322.97,1.0
2025.0,6.0,INDIVIDUAL,4417.8,1.0
2023.0,8.0,SH.P.K.,9339.17,1.0
2022.0,9.0,INDIVIDUAL,337636.82,72.0
2024.0,11.0,INDIVIDUAL,137747.08,1.0
2022.0,3.0,INDIVIDUAL,0.0,1.0
2022.0,11.0,KOMPANI E HUAJ,0.0,1.0
2022.0,4.0,SH.P.K.,4660.91,1.0
2021.0,12.0,INDIVIDUAL,18374.88,17.0
2025.0,2.0,SH.P.K.,629840.0,1.0
2022.0,1.0,SH.P.K.,762300.02,4.0
2023.0,4.0,SH.P.K.,0.0,2.0
2025.0,6.0,INDIVIDUAL,30695.28,2.0
2021.0,9.0,INDIVIDUAL,6015.3,3.0
2019.0,7.0,SH.P.K.,338178.83,16.0
2024.0,12.0,SH.P.K.,42108.0,1.0
2022.0,3.0,INDIVIDUAL,45259.4,1.0
2023.0,4.0,SH.P.K.,0.0,1.0
2023.0,12.0,KOMPANI E HUAJ,99316.0,5.0
2024.0,2.0,INDIVIDUAL,36351.69,1.0
2025.0,1.0,SH.P.K.,0.0,1.0
2020.0,2.0,INDIVIDUAL,171323.82,1.0
2021.0,3.0,SH.P.K.,0.0,1.0
2023.0,8.0,KOMPANI E HUAJ,0.0,1.0
2024.0,1.0,SH.P.K.,0.0,2.0
2021.0,3.0,INDIVIDUAL,4205.5,6.0
2023.0,6.0,SH.P.K.,0.0,1.0
2025.0,5.0,SH.P.K.,59993.21,6.0
2024.0,12.0,SH.P.K.,847.45,2.0
2022.0,9.0,SH.P.K.,33097.39,5.0
2022.0,7.0,SH.P.K.,5390.19,2.0
2024.0,7.0,INDIVIDUAL,3102.31,3.0
2023.0,3.0,INDIVIDUAL,850.0,2.0
2022.0,12.0,INDIVIDUAL,1900.5,1.0
2019.0,7.0,INDIVIDUAL,13771.94,2.0
2023.0,8.0,INDIVIDUAL,2877.71,1.0
2021.0,4.0,SH.P.K.,6669.79,2.0
2021.0,11.0,INDIVIDUAL,8672.0,2.0
2025.0,3.0,INDIVIDUAL,17322.22,8.0
2025.0,2.0,INDIVIDUAL,942.37,1.0
2024.0,5.0,SH.P.K.,22919.04,9.0
2023.0,6.0,SH.P.K.,598920.67,24.0
2020.0,2.0,SH.P.K.,301657.28,2.0
2019.0,9.0,INDIVIDUAL,3907.0,82.0
2025.0,2.0,SH.P.K.,55657.75,1.0
2019.0,3.0,PERSON FIZIK,0.0,5.0
2024.0,11.0,SH.P.K.,21814.8,2.0
2020.0,4.0,OJQ,0.0,3.0
2021.0,2.0,INDIVIDUAL,1525.42,1.0
2020.0,8.0,SH.P.K.,0.0,1.0
2021.0,5.0,SH.P.K.,262510.64,2.0
2021.0,3.0,INDIVIDUAL,1632.5,1.0
2022.0,5.0,SH.P.K.,83.88,1.0
2025.0,4.0,SH.P.K.,338.98,3.0
2022.0,9.0,INDIVIDUAL,5006.85,2.0
2021.0,12.0,INDIVIDUAL,9810.1,1.0
2019.0,5.0,SH.P.K.,332697.44,13.0
2019.0,1.0,SH.P.K.,254.24,3.0
2025.0,3.0,INDIVIDUAL,12535.78,6.0
2021.0,10.0,INDIVIDUAL,1090.0,1.0
2021.0,2.0,SH.P.K.,101909.49,2.0
2020.0,1.0,SH.P.K.,122911.71,3.0
2023.0,5.0,INDIVIDUAL,50366.53,6.0
2020.0,3.0,SH.P.K.,0.0,1.0
2023.0,7.0,SH.P.K.,18405.29,1.0
2025.0,4.0,INDIVIDUAL,19881.36,2.0
2024.0,2.0,INDIVIDUAL,4000.0,3.0
2020.0,11.0,INDIVIDUAL,555.92,2.0
2023.0,2.0,SH.P.K.,1857.6,1.0
2020.0,8.0,SH.P.K.,91464.03,3.0
2024.0,11.0,SH.P.K.,31304.61,1.0
2021.0,7.0,SH.P.K.,3062.14,1.0
2023.0,9.0,INDIVIDUAL,3740.0,1.0
2020.0,6.0,SH.P.K.,5964.26,1.0
2024.0,10.0,INDIVIDUAL,89818.88,6.0
2020.0,2.0,SH.P.K.,0.0,1.0
2019.0,11.0,SH.P.K.,69994.87,2.0
2023.0,3.0,SH.P.K.,2890.0,1.0
2021.0,3.0,SH.P.K.,1190.0,1.0
2023.0,1.0,INDIVIDUAL,3047.08,3.0
2025.0,7.0,INDIVIDUAL,20147.82,2.0
2022.0,3.0,SH.P.K.,3645.09,2.0
2024.0,12.0,INDIVIDUAL,6721.9,4.0
2024.0,12.0,SH.P.K.,761013.66,1.0
2025.0,6.0,INDIVIDUAL,9411.69,20.0
2020.0,2.0,INDIVIDUAL,59404.97,2.0
2019.0,3.0,INDIVIDUAL,0.0,1.0
2023.0,6.0,INDIVIDUAL,4716.0,2.0
2021.0,11.0,ORTAKËRIA E PËRGJ.,55657.55,4.0
2025.0,11.0,SH.P.K.,0.0,3.0
2019.0,7.0,SH.P.K.,23521.88,2.0
2024.0,3.0,INDIVIDUAL,22033.91,2.0
2022.0,3.0,INDIVIDUAL,2839.0,6.0
2023.0,6.0,INDIVIDUAL,1511729.72,261.0
2020.0,5.0,SH.P.K.,610575.68,15.0
2019.0,1.0,SH.P.K.,692.8,2.0
2020.0,10.0,SH.P.K.,48540.16,4.0
2022.0,6.0,INDIVIDUAL,0.0,1.0
2021.0,2.0,INDIVIDUAL,1661.52,1.0
2019.0,12.0,SHOQËRI AKCIONARE,6958.36,1.0
2023.0,11.0,INDIVIDUAL,0.0,1.0
2019.0,2.0,INDIVIDUAL,74220.78,15.0
2022.0,9.0,SH.P.K.,2101.0,1.0
2025.0,9.0,INDIVIDUAL,774.58,2.0
2023.0,10.0,SH.P.K.,1571425.3,51.0
2022.0,3.0,SH.P.K.,53948.69,9.0
2025.0,10.0,SH.P.K.,994.82,1.0
2022.0,12.0,SH.P.K.,59708.92,5.0
2024.0,7.0,SH.P.K.,1347271.32,3.0
2020.0,1.0,SH.P.K.,40593.97,1.0
2024.0,8.0,SH.P.K.,37304.89,8.0
2023.0,1.0,SH.P.K.,155163.67,3.0
2021.0,11.0,SH.P.K.,1101.69,1.0
2025.0,4.0,SH.P.K.,1306.28,1.0
2021.0,9.0,INDIVIDUAL,63114.61,7.0
2023.0,12.0,INDIVIDUAL,10273.14,1.0
2023.0,4.0,SH.P.K.,3906253.84,34.0
2020.0,5.0,INDIVIDUAL,0.0,2.0
2019.0,2.0,SH.P.K.,0.0,1.0
2021.0,8.0,SH.P.K.,345145.36,3.0
2020.0,7.0,SH.P.K.,41626.78,1.0
2024.0,7.0,INDIVIDUAL,413.56,1.0
2021.0,2.0,KOMPANI E HUAJ,0.0,2.0
2023.0,8.0,INDIVIDUAL,46879.99,3.0
2020.0,11.0,ORTAKËRIA E PËRGJ.,1118.64,1.0
2023.0,6.0,INDIVIDUAL,57298.2,48.0
2019.0,9.0,SH.P.K.,731.0,1.0
2024.0,1.0,INDIVIDUAL,51235.95,3.0
2025.0,7.0,INDIVIDUAL,3369.92,2.0
2019.0,6.0,SH.P.K.,67241.7,1.0
2020.0,11.0,INDIVIDUAL,0.0,1.0
2021.0,8.0,INDIVIDUAL,18208.13,1.0
2019.0,9.0,INDIVIDUAL,35410.0,39.0
2025.0,1.0,SH.P.K.,56078.67,14.0
2025.0,5.0,INDIVIDUAL,6443.13,1.0
2025.0,8.0,SH.P.K.,1290478.7,38.0
2023.0,12.0,INDIVIDUAL,106969.24,16.0
2025.0,7.0,SH.P.K.,0.0,1.0
