year,month,primary_sector,turnover_eur,num_taxpayers
2025.0,11.0,Industria perpunuese,10945.75,1.0
2024.0,1.0,Bujqesia;Pylltaria dhe Peshkimi,0.0,1.0
2019.0,7.0,Tregtia me shumice dhe pakice; Riparimi i mjeteve motorike dhe motoeikletave,25928.11,2.0
2021.0,6.0,Aktivitetet e shendetit te njeriut dhe te punes sociale,11257.0,9.0
2019.0,4.0,Industria perpunuese,4387.16,1.0
2025.0,7.0,Tregtia me shumice dhe pakice; Riparimi i mjeteve motorike dhe motoeikletave,55770.08,3.0
2020.0,10.0,Aktivitetet e patundshmerise,43779.66,2.0
2024.0,8.0,Ndertimtaria,0.0,3.0
2021.0,4.0,Tregtia me shumice dhe pakice; Riparimi i mjeteve motorike dhe motoeikletave,2436.11,1.0
2023.0,12.0,Industria perpunuese,54718.96,9.0
2023.0,9.0,Furnizimi me uje; Kanalizimi; Aktivitetet e menaxhimit dhe te trajtimit te mbeturinave,2441.0,2.0
2019.0,3.0,Tregtia me shumice dhe pakice; Riparimi i mjeteve motorike dhe motoeikletave,1541.49,1.0
2019.0,4.0,Mungon aktiviteti,0.0,1.0
2023.0,11.0,Tregtia me shumice dhe pakice; Riparimi i mjeteve motorike dhe motoeikletave,544876.47,1.0
2020.0,5.0,Industria perpunuese,0.0,1.0
2019.0,12.0,Tregtia me shumice dhe pakice; Riparimi i mjeteve motorike dhe motoeikletave,4927.74,3.0
2021.0,12.0,Ndertimtaria,41949.19,1.0
2023.0,5.0,Industria perpunuese,2661.95,2.0
2023.0,11.0,Tregtia me shumice dhe pakice; Riparimi i mjeteve motorike dhe motoeikletave,2473054.51,2.0
2021.0,5.0,Tregtia me shumice dhe pakice; Riparimi i mjeteve motorike dhe motoeikletave,9191.17,3.0
2021.0,2.0,Industria perpunuese,149847.03,42.0
2022.0,6.0,Akomodimi dhe sherbimi ushqimor,14395.12,2.0
2022.0,11.0,Sherbimet administrative dhe mbeshtetese,7001.63,1.0
2020.0,11.0,Akomodimi dhe sherbimi ushqimor,208982.62,2.0
2019.0,8.0,Tregtia me shumice dhe pakice; Riparimi i mjeteve motorike dhe motoeikletave,6731.41,1.0
2020.0,7.0,Tregtia me shumice dhe pakice; Riparimi i mjeteve motorike dhe motoeikletave,0.0,1.0
2022.0,11.0,Tregtia me shumice dhe pakice; Riparimi i mjeteve motorike dhe motoeikletave,9580.09,3.0
2022.0,4.0,Industria perpunuese,943779.49,14.0
2020.0,12.0,Sherbimet administrative dhe mbeshtetese,119290.0,7.0
2022.0,6.0,"Aktivitetet profesionale, shkencore dhe teknike",0.0,1.0
2021.0,3.0,Transporti dhe magazinimi,20590.85,182.0
2024.0,3.0,"Aktivitetet profesionale, shkencore dhe teknike",950.0,3.0
2022.0,12.0,Industria perpunuese,70390.24,3.0
2023.0,3.0,"Artet, Argetimi dhe rekreacioni",5432.2,6.0
2021.0,1.0,Ndertimtaria,0.0,1.0
2022.0,5.0,Sherbimet administrative dhe mbeshtetese,0.0,1.0
2021.0,5.0,Ndertimtaria,4541.52,1.0
2019.0,5.0,Tregtia me shumice dhe pakice; Riparimi i mjeteve motorike dhe motoeikletave,5244.05,1.0
2020.0,10.0,Tregtia me shumice dhe pakice; Riparimi i mjeteve motorike dhe motoeikletave,131625.02,10.0
2022.0,9.0,Sherbimet administrative dhe mbeshtetese,0.0,4.0
2025.0,3.0,"Aktivitetet profesionale, shkencore dhe teknike",1225.0,3.0
2019.0,8.0,Aktivitetet e shendetit te njeriut dhe te punes sociale,7070.71,2.0
2025.0,6.0,Sherbimet administrative dhe mbeshtetese,100.0,2.0
2020.0,12.0,Industria perpunuese,18080.0,4.0
2024.0,7.0,Bujqesia;Pylltaria dhe Peshkimi,51728.88,1.0
2020.0,11.0,"Aktivitetet profesionale, shkencore dhe teknike",595277.66,8.0
2020.0,12.0,Tregtia me shumice dhe pakice; Riparimi i mjeteve motorike dhe motoeikletave,12052.5,1.0
2019.0,2.0,Aktivitetet e tjera sherbyese,1414.57,1.0
2019.0,3.0,Aktivitetet e tjera sherbyese,395.0,1.0
2020.0,5.0,Industria perpunuese,213660.17,10.0
2023.0,3.0,Industria nxjerrese,0.0,3.0
2025.0,8.0,"Artet, Argetimi dhe rekreacioni",10860.28,5.0
2021.0,1.0,Industria perpunuese,0.0,2.0
2019.0,11.0,Tregtia me shumice dhe pakice; Riparimi i mjeteve motorike dhe motoeikletave,1353875.73,3.0
2025.0,6.0,Tregtia me shumice dhe pakice; Riparimi i mjeteve motorike dhe motoeikletave,5125.0,1.0
2020.0,11.0,Tregtia me shumice dhe pakice; Riparimi i mjeteve motorike dhe motoeikletave,4000.01,2.0
2024.0,9.0,Tregtia me shumice dhe pakice; Riparimi i mjeteve motorike dhe motoeikletave,523486.46,21.0
2025.0,11.0,Ndertimtaria,3998813.6,56.0
2024.0,10.0,Bujqesia;Pylltaria dhe Peshkimi,0.0,1.0
2021.0,2.0,Tregtia me shumice dhe pakice; Riparimi i mjeteve motorike dhe motoeikletave,244797.17,6.0
2020.0,9.0,Bujqesia;Pylltaria dhe Peshkimi,46798.13,4.0
2019.0,11.0,Sherbimet administrative dhe mbeshtetese,113082.75,2.0
2020.0,3.0,Bujqesia;Pylltaria dhe Peshkimi,0.0,1.0
2019.0,6.0,Aktivitetet e tjera sherbyese,800.0,1.0
2019.0,12.0,Industria perpunuese,3766.05,1.0
2024.0,10.0,Industria perpunuese,167141.52,1.0
2019.0,4.0,Industria perpunuese,368.64,1.0
2021.0,6.0,Industria perpunuese,3598.78,1.0
2022.0,2.0,Industria perpunuese,12794.35,1.0
2021.0,10.0,"Aktivitetet profesionale, shkencore dhe teknike",22123.94,2.0
2021.0,5.0,Transporti dhe magazinimi,47618.64,1.0
2019.0,10.0,"Aktivitetet profesionale, shkencore dhe teknike",2831.73,3.0
2025.0,12.0,Industria perpunuese,43718.64,1.0
2019.0,4.0,Industria nxjerrese,0.0,2.0
2019.0,6.0,Ndertimtaria,0.0,1.0
2021.0,6.0,Aktivitetet e patundshmerise,58495.41,5.0
2020.0,1.0,Aktivitetet financiare dhe te sigurimit,801.06,1.0
2019.0,4.0,Akomodimi dhe sherbimi ushqimor,6199.7,1.0
2024.0,6.0,Tregtia me shumice dhe pakice; Riparimi i mjeteve motorike dhe motoeikletave,33693.02,6.0
2023.0,12.0,Person Fizik,12091394.13,424.0
2025.0,10.0,Bujqesia;Pylltaria dhe Peshkimi,0.0,1.0
2020.0,3.0,Tregtia me shumice dhe pakice; Riparimi i mjeteve motorike dhe motoeikletave,1313942.2,5.0
2023.0,11.0,Aktivitetet e shendetit te njeriut dhe te punes sociale,4877.0,2.0
2019.0,8.0,Ndertimtaria,68070.0,2.0
2022.0,2.0,Industria perpunuese,7214.74,1.0
2024.0,12.0,Akomodimi dhe sherbimi ushqimor,14710.8,5.0
2025.0,3.0,Akomodimi dhe sherbimi ushqimor,79504.42,4.0
2019.0,12.0,Administrimi publik dhe mbrojtja; Sigurimi social i detyrueshem,462217.91,2.0
2024.0,12.0,Transporti dhe magazinimi,6985.0,2.0
2022.0,7.0,Furnizimi me uje; Kanalizimi; Aktivitetet e menaxhimit dhe te trajtimit te mbeturinave,6000.0,1.0
2021.0,11.0,Tregtia me shumice dhe pakice; Riparimi i mjeteve motorike dhe motoeikletave,593.22,2.0
2021.0,8.0,Tregtia me shumice dhe pakice; Riparimi i mjeteve motorike dhe motoeikletave,5246.9,1.0
2020.0,8.0,Industria perpunuese,311217.52,5.0
2021.0,2.0,Tregtia me shumice dhe pakice; Riparimi i mjeteve motorike dhe motoeikletave,53686.78,2.0
2024.0,11.0,Industria perpunuese,15705.4,1.0
2022.0,11.0,Tregtia me shumice dhe pakice; Riparimi i mjeteve motorike dhe motoeikletave,9944.92,1.0
2022.0,1.0,Ndertimtaria,4237.29,2.0
2024.0,4.0,Industria perpunuese,721.26,1.0
2020.0,8.0,Transporti dhe magazinimi,26774.13,4.0
2019.0,9.0,Sherbimet administrative dhe mbeshtetese,2590.0,2.0
2022.0,4.0,Tregtia me shumice dhe pakice; Riparimi i mjeteve motorike dhe motoeikletave,863.12,2.0
2019.0,10.0,Industria perpunuese,4498.72,1.0
2023.0,3.0,Tregtia me shumice dhe pakice; Riparimi i mjeteve motorike dhe motoeikletave,102655.97,2.0
2019.0,6.0,Bujqesia;Pylltaria dhe Peshkimi,0.0,1.0
2024.0,2.0,Industria perpunuese,794866.07,3.0
2023.0,4.0,Informimi dhe komunikimi,0.0,5.0
2025.0,5.0,Akomodimi dhe sherbimi ushqimor,28808.49,9.0
2024.0,4.0,Tregtia me shumice dhe pakice; Riparimi i mjeteve motorike dhe motoeikletave,209608.4,5.0
2025.0,10.0,Industria perpunuese,1283.9,1.0
2024.0,6.0,Industria perpunuese,0.0,1.0
2021.0,1.0,Tregtia me shumice dhe pakice; Riparimi i mjeteve motorike dhe motoeikletave,31618.23,3.0
2024.0,2.0,"Aktivitetet profesionale, shkencore dhe teknike",6656.78,3.0
2019.0,11.0,Industria perpunuese,35023.55,6.0
2024.0,10.0,Ndertimtaria,8782.85,5.0
2022.0,7.0,Ndertimtaria,2930.0,1.0
2025.0,1.0,Tregtia me shumice dhe pakice; Riparimi i mjeteve motorike dhe motoeikletave,7548.41,3.0
2020.0,5.0,Industria perpunuese,211278.18,3.0
2019.0,11.0,Tregtia me shumice dhe pakice; Riparimi i mjeteve motorike dhe motoeikletave,28270.83,1.0
2023.0,4.0,"Artet, Argetimi dhe rekreacioni",3331.38,1.0
2020.0,1.0,"Furnizimi me rryme, gaz, avull dhe ajer te kondicionuar",0.0,1.0
2022.0,1.0,Transporti dhe magazinimi,3716.11,1.0
2024.0,3.0,Tregtia me shumice dhe pakice; Riparimi i mjeteve motorike dhe motoeikletave,56996.58,4.0
2024.0,10.0,Industria perpunuese,172.88,2.0
2025.0,3.0,Sherbimet administrative dhe mbeshtetese,18600.0,2.0
2021.0,4.0,"Aktivitetet profesionale, shkencore dhe teknike",262363.3,9.0
2025.0,12.0,Industria perpunuese,34124.47,1.0
2020.0,10.0,Tregtia me shumice dhe pakice; Riparimi i mjeteve motorike dhe motoeikletave,9027.95,1.0
2019.0,9.0,Tregtia me shumice dhe pakice; Riparimi i mjeteve motorike dhe motoeikletave,75780.17,1.0
2022.0,12.0,Industria perpunuese,26689.96,1.0
2022.0,8.0,Akomodimi dhe sherbimi ushqimor,97192.91,6.0
2020.0,7.0,Ndertimtaria,644.07,1.0
2025.0,9.0,Aktivitetet e tjera sherbyese,0.0,1.0
2020.0,9.0,Tregtia me shumice dhe pakice; Riparimi i mjeteve motorike dhe motoeikletave,0.0,1.0
2020.0,4.0,Tregtia me shumice dhe pakice; Riparimi i mjeteve motorike dhe motoeikletave,4726.21,1.0
2025.0,2.0,Tregtia me shumice dhe pakice; Riparimi i mjeteve motorike dhe motoeikletave,129176.8,13.0
2022.0,7.0,"Aktivitetet profesionale, shkencore dhe teknike",22017.59,2.0
2022.0,9.0,Tregtia me shumice dhe pakice; Riparimi i mjeteve motorike dhe motoeikletave,31922.07,5.0
2021.0,9.0,Arsimi,2724.62,3.0
2021.0,8.0,Aktivitetet e shendetit te njeriut dhe te punes sociale,41974.88,1.0
2024.0,5.0,Industria perpunuese,171830.25,3.0
2025.0,5.0,Tregtia me shumice dhe pakice; Riparimi i mjeteve motorike dhe motoeikletave,173462.71,4.0
2022.0,8.0,Ndertimtaria,0.0,2.0
2021.0,3.0,Ndertimtaria,1805.0,2.0
2022.0,8.0,Transporti dhe magazinimi,1771.19,1.0
2023.0,6.0,Sherbimet administrative dhe mbeshtetese,204778.12,6.0
2022.0,1.0,Bujqesia;Pylltaria dhe Peshkimi,796.61,2.0
2023.0,2.0,Bujqesia;Pylltaria dhe Peshkimi,64567.52,1.0
2022.0,10.0,Aktivitetet e shendetit te njeriut dhe te punes sociale,6410.0,1.0
2022.0,5.0,Ndertimtaria,296.61,1.0
2021.0,9.0,Industria perpunuese,86924.97,19.0
2025.0,6.0,Industria nxjerrese,3377.0,1.0
2020.0,9.0,Industria perpunuese,2250.0,1.0
2023.0,3.0,Administrimi publik dhe mbrojtja; Sigurimi social i detyrueshem,809.0,1.0
2020.0,2.0,"Furnizimi me rryme, gaz, avull dhe ajer te kondicionuar",80583.74,4.0
2024.0,5.0,Tregtia me shumice dhe pakice; Riparimi i mjeteve motorike dhe motoeikletave,4914.91,2.0
2021.0,6.0,Tregtia me shumice dhe pakice; Riparimi i mjeteve motorike dhe motoeikletave,196475.43,2.0
2020.0,10.0,Tregtia me shumice dhe pakice; Riparimi i mjeteve motorike dhe motoeikletave,81778.75,4.0
2020.0,6.0,Industria perpunuese,6048.48,2.0
2025.0,7.0,Ndertimtaria,0.0,2.0
2020.0,9.0,Aktivitetet e shendetit te njeriut dhe te punes sociale,5585.0,1.0
2025.0,3.0,Tregtia me shumice dhe pakice; Riparimi i mjeteve motorike dhe motoeikletave,354021.24,6.0
2024.0,5.0,Tregtia me shumice dhe pakice; Riparimi i mjeteve motorike dhe motoeikletave,102680.04,4.0
2024.0,12.0,Tregtia me shumice dhe pakice; Riparimi i mjeteve motorike dhe motoeikletave,47817.05,9.0
2020.0,7.0,Industria perpunuese,494.92,1.0
2020.0,8.0,Akomodimi dhe sherbimi ushqimor,5397.54,2.0
2023.0,9.0,"Aktivitetet profesionale, shkencore dhe teknike",21718.64,7.0
2019.0,7.0,Furnizimi me uje; Kanalizimi; Aktivitetet e menaxhimit dhe te trajtimit te mbeturinave,316150.2,2.0
2024.0,2.0,Tregtia me shumice dhe pakice; Riparimi i mjeteve motorike dhe motoeikletave,1552.97,1.0
2023.0,9.0,Bujqesia;Pylltaria dhe Peshkimi,0.0,1.0
2019.0,3.0,Bujqesia;Pylltaria dhe Peshkimi,0.0,6.0
2023.0,5.0,Industria perpunuese,0.0,1.0
2024.0,7.0,Tregtia me shumice dhe pakice; Riparimi i mjeteve motorike dhe motoeikletave,748982.82,3.0
2020.0,10.0,Industria perpunuese,8245.42,1.0
2020.0,8.0,Industria perpunuese,4407.64,2.0
2020.0,2.0,Transporti dhe magazinimi,0.0,1.0
2022.0,3.0,"Aktivitetet profesionale, shkencore dhe teknike",0.0,2.0
2019.0,12.0,Akomodimi dhe sherbimi ushqimor,163063.57,7.0
2025.0,8.0,Tregtia me shumice dhe pakice; Riparimi i mjeteve motorike dhe motoeikletave,12712.71,5.0
2019.0,6.0,Arsimi,10020.0,2.0
2023.0,7.0,Tregtia me shumice dhe pakice; Riparimi i mjeteve motorike dhe motoeikletave,0.0,1.0
2023.0,3.0,Aktivitetet e tjera sherbyese,25106.45,8.0
2023.0,10.0,Tregtia me shumice dhe pakice; Riparimi i mjeteve motorike dhe motoeikletave,331838.28,14.0
2020.0,2.0,"Aktivitetet profesionale, shkencore dhe teknike",444.0,1.0
2025.0,1.0,Sherbimet administrative dhe mbeshtetese,1432.2,1.0
2020.0,8.0,Tregtia me shumice dhe pakice; Riparimi i mjeteve motorike dhe motoeikletave,8857.23,2.0
2024.0,10.0,Industria nxjerrese,192340.68,1.0
2021.0,10.0,Tregtia me shumice dhe pakice; Riparimi i mjeteve motorike dhe motoeikletave,52652.91,3.0
2023.0,10.0,Industria perpunuese,87568.47,9.0
2021.0,5.0,Tregtia me shumice dhe pakice; Riparimi i mjeteve motorike dhe motoeikletave,7413.03,1.0
2021.0,11.0,Tregtia me shumice dhe pakice; Riparimi i mjeteve motorike dhe motoeikletave,65358.53,2.0
2023.0,10.0,Tregtia me shumice dhe pakice; Riparimi i mjeteve motorike dhe motoeikletave,0.0,3.0
2022.0,12.0,"Aktivitetet profesionale, shkencore dhe teknike",1266.0,1.0
2019.0,1.0,Tregtia me shumice dhe pakice; Riparimi i mjeteve motorike dhe motoeikletave,26530.38,2.0
2023.0,11.0,Aktivitetet e tjera sherbyese,1771.0,1.0
2021.0,8.0,Transporti dhe magazinimi,10097.1,1.0
2020.0,2.0,Ndertimtaria,11414.35,3.0
2019.0,4.0,Tregtia me shumice dhe pakice; Riparimi i mjeteve motorike dhe motoeikletave,42032.8,7.0
2024.0,4.0,Industria perpunuese,0.0,1.0
2024.0,10.0,Tregtia me shumice dhe pakice; Riparimi i mjeteve motorike dhe motoeikletave,2780845.0,3.0
2020.0,7.0,Akomodimi dhe sherbimi ushqimor,5606.85,1.0
2023.0,9.0,Ndertimtaria,190092.93,2.0
2024.0,4.0,Tregtia me shumice dhe pakice; Riparimi i mjeteve motorike dhe motoeikletave,367519.5,14.0
2022.0,10.0,Tregtia me shumice dhe pakice; Riparimi i mjeteve motorike dhe motoeikletave,542310.48,2.0
2024.0,7.0,Tregtia me shumice dhe pakice; Riparimi i mjeteve motorike dhe motoeikletave,50728.74,2.0
2024.0,2.0,Aktivitetet e tjera sherbyese,5557.88,1.0
2020.0,3.0,Tregtia me shumice dhe pakice; Riparimi i mjeteve motorike dhe motoeikletave,2150.0,3.0
2023.0,7.0,Akomodimi dhe sherbimi ushqimor,19743.89,2.0
2023.0,2.0,Bujqesia;Pylltaria dhe Peshkimi,76240.81,3.0
2023.0,2.0,Tregtia me shumice dhe pakice; Riparimi i mjeteve motorike dhe motoeikletave,134123.05,9.0
2025.0,6.0,Industria perpunuese,1940.0,1.0
2025.0,12.0,Industria perpunuese,13283.7,4.0
2023.0,7.0,Industria perpunuese,165.26,3.0
2021.0,4.0,Ndertimtaria,26745.1,3.0
2024.0,3.0,Ndertimtaria,0.0,1.0
2024.0,6.0,Transporti dhe magazinimi,18498.81,6.0
2020.0,6.0,Industria perpunuese,0.0,2.0
2022.0,8.0,Ndertimtaria,5971.42,3.0
2020.0,5.0,Industria perpunuese,0.0,2.0
2022.0,12.0,Industria perpunuese,53208.29,1.0
2022.0,3.0,Tregtia me shumice dhe pakice; Riparimi i mjeteve motorike dhe motoeikletave,31943.52,2.0
2025.0,8.0,Industria perpunuese,50791.03,1.0
2024.0,8.0,Tregtia me shumice dhe pakice; Riparimi i mjeteve motorike dhe motoeikletave,1691.04,1.0
2024.0,11.0,Aktivitetet e tjera sherbyese,31231.27,1.0
2024.0,9.0,Industria perpunuese,4576.5,1.0
2020.0,8.0,Tregtia me shumice dhe pakice; Riparimi i mjeteve motorike dhe motoeikletave,7293.55,1.0
2021.0,12.0,Sherbimet administrative dhe mbeshtetese,10251.65,2.0
2023.0,6.0,Tregtia me shumice dhe pakice; Riparimi i mjeteve motorike dhe motoeikletave,0.0,1.0
2019.0,6.0,Tregtia me shumice dhe pakice; Riparimi i mjeteve motorike dhe motoeikletave,0.0,2.0
2020.0,4.0,Ndertimtaria,17923.73,3.0
2022.0,7.0,Ndertimtaria,51277.27,8.0
2020.0,11.0,"Aktivitetet profesionale, shkencore dhe teknike",32984.61,4.0
2019.0,9.0,Industria perpunuese,0.0,2.0
2024.0,11.0,Tregtia me shumice dhe pakice; Riparimi i mjeteve motorike dhe motoeikletave,42201.43,2.0
2022.0,9.0,Aktivitetet e patundshmerise,7757.2,1.0
2024.0,8.0,Ndertimtaria,25425.45,2.0
2021.0,2.0,Tregtia me shumice dhe pakice; Riparimi i mjeteve motorike dhe motoeikletave,0.0,1.0
2024.0,1.0,Akomodimi dhe sherbimi ushqimor,49171.89,4.0
2022.0,2.0,"Aktivitetet profesionale, shkencore dhe teknike",3403746.83,46.0
2025.0,12.0,Tregtia me shumice dhe pakice; Riparimi i mjeteve motorike dhe motoeikletave,26215.08,5.0
2024.0,1.0,Transporti dhe magazinimi,1560.0,1.0
2020.0,11.0,Furnizimi me uje; Kanalizimi; Aktivitetet e menaxhimit dhe te trajtimit te mbeturinave,0.0,1.0
2021.0,4.0,Ndertimtaria,30797.22,4.0
2019.0,6.0,Tregtia me shumice dhe pakice; Riparimi i mjeteve motorike dhe motoeikletave,12823.75,8.0
2024.0,1.0,Tregtia me shumice dhe pakice; Riparimi i mjeteve motorike dhe motoeikletave,131881.46,2.0
2019.0,10.0,Transporti dhe magazinimi,0.0,2.0
2022.0,2.0,Bujqesia;Pylltaria dhe Peshkimi,985.0,2.0
2022.0,11.0,"Furnizimi me rryme, gaz, avull dhe ajer te kondicionuar",0.0,1.0
2024.0,5.0,Tregtia me shumice dhe pakice; Riparimi i mjeteve motorike dhe motoeikletave,70621.43,4.0
2019.0,5.0,Ndertimtaria,733.49,3.0
2019.0,10.0,Industria perpunuese,1824.58,1.0
2023.0,2.0,Sherbimet administrative dhe mbeshtetese,63791.7,1.0
2021.0,2.0,Industria perpunuese,0.0,1.0
2021.0,1.0,Tregtia me shumice dhe pakice; Riparimi i mjeteve motorike dhe motoeikletave,102589.14,2.0
2019.0,10.0,Akomodimi dhe sherbimi ushqimor,10418.92,2.0
2024.0,2.0,Tregtia me shumice dhe pakice; Riparimi i mjeteve motorike dhe motoeikletave,711.36,1.0
2025.0,1.0,Aktivitetet financiare dhe te sigurimit,81817.76,1.0
2020.0,3.0,Industria perpunuese,46153.3,2.0
2021.0,12.0,Ndertimtaria,105207.86,19.0
2020.0,6.0,Bujqesia;Pylltaria dhe Peshkimi,2927.37,2.0
2025.0,10.0,Industria perpunuese,15692.54,2.0
2021.0,10.0,Industria perpunuese,23714.96,4.0
2020.0,12.0,Ndertimtaria,0.0,2.0
2024.0,11.0,Transporti dhe magazinimi,0.0,1.0
2022.0,7.0,Mungon aktiviteti,0.0,1.0
2022.0,10.0,Aktivitetet financiare dhe te sigurimit,0.0,1.0
2023.0,6.0,Informimi dhe komunikimi,0.0,1.0
2022.0,2.0,Informimi dhe komunikimi,0.0,1.0
2022.0,4.0,Tregtia me shumice dhe pakice; Riparimi i mjeteve motorike dhe motoeikletave,4083.32,1.0
2024.0,4.0,Industria perpunuese,22689.28,3.0
2021.0,8.0,Akomodimi dhe sherbimi ushqimor,42864.62,2.0
2022.0,5.0,Aktivitetet e shendetit te njeriut dhe te punes sociale,1765.9,2.0
2023.0,5.0,Aktivitetet financiare dhe te sigurimit,45602.5,1.0
2022.0,8.0,Aktivitetet e tjera sherbyese,22775.95,1.0
2023.0,11.0,Industria perpunuese,21186.44,2.0
2020.0,8.0,Tregtia me shumice dhe pakice; Riparimi i mjeteve motorike dhe motoeikletave,0.0,2.0
2019.0,3.0,Tregtia me shumice dhe pakice; Riparimi i mjeteve motorike dhe motoeikletave,481.0,3.0
2019.0,3.0,Aktivitetet financiare dhe te sigurimit,0.0,1.0
2020.0,5.0,Industria perpunuese,11589.99,1.0
2021.0,5.0,Industria perpunuese,67141.19,3.0
2019.0,10.0,Furnizimi me uje; Kanalizimi; Aktivitetet e menaxhimit dhe te trajtimit te mbeturinave,326152.6,1.0
2025.0,5.0,Aktivitetet e shendetit te njeriut dhe te punes sociale,15284.05,4.0
2024.0,1.0,Informimi dhe komunikimi,319835.0,1.0
2019.0,1.0,Furnizimi me uje; Kanalizimi; Aktivitetet e menaxhimit dhe te trajtimit te mbeturinave,59481.56,1.0
2023.0,10.0,Tregtia me shumice dhe pakice; Riparimi i mjeteve motorike dhe motoeikletave,102763.43,6.0
2022.0,6.0,Sherbimet administrative dhe mbeshtetese,4620.0,1.0
2025.0,1.0,Industria perpunuese,17853.47,2.0
2022.0,10.0,Akomodimi dhe sherbimi ushqimor,5812.03,2.0
2023.0,11.0,Tregtia me shumice dhe pakice; Riparimi i mjeteve motorike dhe motoeikletave,4002.07,1.0
2023.0,7.0,Tregtia me shumice dhe pakice; Riparimi i mjeteve motorike dhe motoeikletave,142865.52,3.0
2025.0,3.0,Industria perpunuese,78109.63,14.0
2021.0,6.0,"Aktivitetet profesionale, shkencore dhe teknike",1260.0,2.0
2025.0,11.0,Tregtia me shumice dhe pakice; Riparimi i mjeteve motorike dhe motoeikletave,285989.16,11.0
2021.0,6.0,Aktivitetet e tjera sherbyese,5847.5,4.0
2025.0,10.0,Tregtia me shumice dhe pakice; Riparimi i mjeteve motorike dhe motoeikletave,759.92,1.0
2019.0,7.0,Industria perpunuese,2211.86,1.0
2023.0,6.0,Informimi dhe komunikimi,596831.05,1.0
2021.0,10.0,Industria perpunuese,72428.62,3.0
2024.0,12.0,Bujqesia;Pylltaria dhe Peshkimi,0.0,6.0
2023.0,8.0,Industria perpunuese,0.0,1.0
2025.0,8.0,Aktivitetet financiare dhe te sigurimit,0.0,1.0
2023.0,11.0,Ndertimtaria,1496916.9,1.0
2024.0,9.0,Aktivitetet financiare dhe te sigurimit,4356.5,2.0
2020.0,4.0,Tregtia me shumice dhe pakice; Riparimi i mjeteve motorike dhe motoeikletave,6264.5,1.0
2025.0,12.0,Industria perpunuese,3579.7,1.0
2022.0,11.0,Furnizimi me uje; Kanalizimi; Aktivitetet e menaxhimit dhe te trajtimit te mbeturinave,0.0,1.0
2023.0,12.0,Transporti dhe magazinimi,2471.52,1.0
2024.0,5.0,"Aktivitetet profesionale, shkencore dhe teknike",8950.0,1.0
2019.0,5.0,Ndertimtaria,1100.0,1.0
2019.0,5.0,Tregtia me shumice dhe pakice; Riparimi i mjeteve motorike dhe motoeikletave,49863.41,1.0
2023.0,9.0,Aktivitetet e patundshmerise,2085.82,4.0
2020.0,3.0,Industria perpunuese,4323.25,2.0
2019.0,1.0,Tregtia me shumice dhe pakice; Riparimi i mjeteve motorike dhe motoeikletave,828267.42,2.0
2021.0,10.0,Tregtia me shumice dhe pakice; Riparimi i mjeteve motorike dhe motoeikletave,43704.5,2.0
2025.0,10.0,Industria perpunuese,553375.99,4.0
2020.0,8.0,Aktivitetet e tjera sherbyese,6343.21,2.0
2021.0,4.0,"Aktivitetet profesionale, shkencore dhe teknike",127118.64,1.0
2023.0,5.0,Sherbimet administrative dhe mbeshtetese,80373.42,4.0
2025.0,4.0,Ndertimtaria,33898.3,2.0
2022.0,12.0,Ndertimtaria,77845.0,2.0
2025.0,9.0,Tregtia me shumice dhe pakice; Riparimi i mjeteve motorike dhe motoeikletave,2102365.62,2.0
2023.0,2.0,Furnizimi me uje; Kanalizimi; Aktivitetet e menaxhimit dhe te trajtimit te mbeturinave,993.75,1.0
2024.0,11.0,Bujqesia;Pylltaria dhe Peshkimi,0.0,1.0
2021.0,12.0,Industria perpunuese,0.0,2.0
2022.0,6.0,Ndertimtaria,84504.91,1.0
2025.0,7.0,Sherbimet administrative dhe mbeshtetese,17685.18,1.0
2022.0,3.0,Informimi dhe komunikimi,123945.0,2.0
2023.0,3.0,Bujqesia;Pylltaria dhe Peshkimi,0.0,1.0
2020.0,7.0,Tregtia me shumice dhe pakice; Riparimi i mjeteve motorike dhe motoeikletave,2188399.0,11.0
2024.0,8.0,"Aktivitetet profesionale, shkencore dhe teknike",27490.57,3.0
2020.0,4.0,"Aktivitetet profesionale, shkencore dhe teknike",3410.16,2.0
2021.0,4.0,Industria perpunuese,40455.24,1.0
2019.0,1.0,Industria perpunuese,1658.9,2.0
2019.0,1.0,Tregtia me shumice dhe pakice; Riparimi i mjeteve motorike dhe motoeikletave,217226.22,16.0
2020.0,9.0,Tregtia me shumice dhe pakice; Riparimi i mjeteve motorike dhe motoeikletave,413178.54,5.0
2025.0,5.0,Bujqesia;Pylltaria dhe Peshkimi,6084.75,1.0
2021.0,7.0,Industria nxjerrese,4677.96,1.0
2023.0,2.0,Tregtia me shumice dhe pakice; Riparimi i mjeteve motorike dhe motoeikletave,1853.85,4.0
2020.0,3.0,"Aktivitetet profesionale, shkencore dhe teknike",450.0,3.0
2025.0,4.0,Informimi dhe komunikimi,0.0,1.0
2019.0,2.0,Tregtia me shumice dhe pakice; Riparimi i mjeteve motorike dhe motoeikletave,25487.57,1.0
2025.0,9.0,Bujqesia;Pylltaria dhe Peshkimi,0.0,1.0
2021.0,1.0,Industria perpunuese,5605.93,1.0
2023.0,10.0,Akomodimi dhe sherbimi ushqimor,6984.59,2.0
2023.0,7.0,Industria perpunuese,65558.06,4.0
2022.0,8.0,Sherbimet administrative dhe mbeshtetese,3940.68,1.0
2021.0,7.0,Transporti dhe magazinimi,384145.93,5.0
2023.0,4.0,Tregtia me shumice dhe pakice; Riparimi i mjeteve motorike dhe motoeikletave,5015889.2,3.0
2022.0,1.0,"Aktivitetet profesionale, shkencore dhe teknike",5020.34,6.0
2025.0,2.0,Industria perpunuese,16953.99,1.0
2021.0,3.0,Tregtia me shumice dhe pakice; Riparimi i mjeteve motorike dhe motoeikletave,3721.82,5.0
2020.0,6.0,Industria perpunuese,12766.06,2.0
2020.0,8.0,Industria perpunuese,3156.95,1.0
2019.0,2.0,Ndertimtaria,3201.85,5.0
2020.0,11.0,Industria perpunuese,55320.16,2.0
2022.0,5.0,Industria perpunuese,3267.62,2.0
2019.0,4.0,Bujqesia;Pylltaria dhe Peshkimi,9363.04,1.0
2020.0,10.0,Tregtia me shumice dhe pakice; Riparimi i mjeteve motorike dhe motoeikletave,97301.19,6.0
2019.0,8.0,Tregtia me shumice dhe pakice; Riparimi i mjeteve motorike dhe motoeikletave,6272.03,1.0
2023.0,8.0,Arsimi,9322.04,3.0
2019.0,4.0,Tregtia me shumice dhe pakice; Riparimi i mjeteve motorike dhe motoeikletave,663.15,1.0
2021.0,12.0,Bujqesia;Pylltaria dhe Peshkimi,0.0,1.0
2020.0,3.0,Tregtia me shumice dhe pakice; Riparimi i mjeteve motorike dhe motoeikletave,1341370.59,383.0
2019.0,9.0,Bujqesia;Pylltaria dhe Peshkimi,6949.06,1.0
2024.0,4.0,Industria perpunuese,21745.8,2.0
2025.0,3.0,Bujqesia;Pylltaria dhe Peshkimi,17058.17,3.0
2025.0,7.0,Aktivitetet e shendetit te njeriut dhe te punes sociale,19448.64,1.0
2019.0,5.0,Industria perpunuese,55697.57,2.0
2024.0,6.0,Industria perpunuese,5760.3,2.0
2023.0,4.0,Bujqesia;Pylltaria dhe Peshkimi,9422.22,1.0
2023.0,2.0,Bujqesia;Pylltaria dhe Peshkimi,83974.58,1.0
2022.0,3.0,Tregtia me shumice dhe pakice; Riparimi i mjeteve motorike dhe motoeikletave,18506.82,1.0
2025.0,4.0,Aktivitetet financiare dhe te sigurimit,52670.48,1.0
2025.0,1.0,Tregtia me shumice dhe pakice; Riparimi i mjeteve motorike dhe motoeikletave,15271.07,2.0
2022.0,2.0,Bujqesia;Pylltaria dhe Peshkimi,2000.0,1.0
2022.0,3.0,Industria perpunuese,0.0,2.0
2021.0,5.0,Aktivitetet e shendetit te njeriut dhe te punes sociale,107950.37,2.0
2024.0,11.0,Akomodimi dhe sherbimi ushqimor,45924.83,9.0
2020.0,10.0,Arsimi,0.0,1.0
2024.0,5.0,Tregtia me shumice dhe pakice; Riparimi i mjeteve motorike dhe motoeikletave,304116.72,6.0
2020.0,10.0,Industria perpunuese,0.0,1.0
2023.0,8.0,Industria perpunuese,1834.58,3.0
2025.0,10.0,Industria perpunuese,1951.05,1.0
2022.0,1.0,Industria perpunuese,8022.08,1.0
2023.0,11.0,Tregtia me shumice dhe pakice; Riparimi i mjeteve motorike dhe motoeikletave,90495.05,1.0
2023.0,2.0,Industria perpunuese,154596.64,6.0
2024.0,3.0,Tregtia me shumice dhe pakice; Riparimi i mjeteve motorike dhe motoeikletave,49673.06,26.0
2019.0,5.0,Sherbimet administrative dhe mbeshtetese,0.0,2.0
2023.0,2.0,Industria perpunuese,38074.41,1.0
2019.0,7.0,Industria perpunuese,3101.7,1.0
2023.0,12.0,"Aktivitetet profesionale, shkencore dhe teknike",7607.7,5.0
2022.0,7.0,Arsimi,21717.79,6.0
2020.0,12.0,Industria perpunuese,95816.95,1.0
2024.0,5.0,Tregtia me shumice dhe pakice; Riparimi i mjeteve motorike dhe motoeikletave,0.0,1.0
2020.0,7.0,Transporti dhe magazinimi,109191.08,8.0
2021.0,5.0,Industria perpunuese,17985.89,2.0
2025.0,6.0,Transporti dhe magazinimi,458.71,1.0
2020.0,12.0,"Aktivitetet profesionale, shkencore dhe teknike",73970.65,1.0
2021.0,5.0,Industria perpunuese,220103.13,2.0
2022.0,11.0,Tregtia me shumice dhe pakice; Riparimi i mjeteve motorike dhe motoeikletave,78470.61,4.0
2021.0,12.0,Industria perpunuese,619201.07,1.0
2021.0,9.0,Bujqesia;Pylltaria dhe Peshkimi,23580.82,13.0
2025.0,5.0,Tregtia me shumice dhe pakice; Riparimi i mjeteve motorike dhe motoeikletave,1299651.79,1.0
2020.0,1.0,Ndertimtaria,0.0,3.0
2025.0,5.0,Tregtia me shumice dhe pakice; Riparimi i mjeteve motorike dhe motoeikletave,660372.62,21.0
2021.0,6.0,Arsimi,9579.86,2.0
2019.0,8.0,Tregtia me shumice dhe pakice; Riparimi i mjeteve motorike dhe motoeikletave,13124.13,2.0
2021.0,1.0,Tregtia me shumice dhe pakice; Riparimi i mjeteve motorike dhe motoeikletave,53498.11,6.0
2020.0,4.0,Industria perpunuese,56819.11,1.0
2023.0,1.0,Aktivitetet e shendetit te njeriut dhe te punes sociale,17626.0,2.0
2022.0,8.0,"Aktivitetet profesionale, shkencore dhe teknike",16956.61,3.0
2022.0,5.0,Ndertimtaria,30084.75,3.0
2021.0,9.0,Tregtia me shumice dhe pakice; Riparimi i mjeteve motorike dhe motoeikletave,186522.1,7.0
2023.0,1.0,"Aktivitetet profesionale, shkencore dhe teknike",56711.8,5.0
2020.0,6.0,Tregtia me shumice dhe pakice; Riparimi i mjeteve motorike dhe motoeikletave,352502.55,9.0
2021.0,9.0,"Furnizimi me rryme, gaz, avull dhe ajer te kondicionuar",17480.0,1.0
2022.0,9.0,Aktivitetet e patundshmerise,1540.0,6.0
2020.0,11.0,Tregtia me shumice dhe pakice; Riparimi i mjeteve motorike dhe motoeikletave,3329.91,1.0
2022.0,11.0,Industria perpunuese,450508.88,2.0
2022.0,2.0,Aktivitetet e tjera sherbyese,3759.0,1.0
2021.0,8.0,Tregtia me shumice dhe pakice; Riparimi i mjeteve motorike dhe motoeikletave,6587.74,1.0
2020.0,1.0,Ndertimtaria,171587.0,1.0
2019.0,10.0,Administrimi publik dhe mbrojtja; Sigurimi social i detyrueshem,0.0,1.0
2025.0,10.0,Tregtia me shumice dhe pakice; Riparimi i mjeteve motorike dhe motoeikletave,30073.4,1.0
2023.0,1.0,Tregtia me shumice dhe pakice; Riparimi i mjeteve motorike dhe motoeikletave,34204.94,1.0
2022.0,4.0,Sherbimet administrative dhe mbeshtetese,0.0,2.0
2019.0,6.0,Sherbimet administrative dhe mbeshtetese,2503.0,1.0
2023.0,6.0,Industria perpunuese,696.0,1.0
2024.0,1.0,Industria perpunuese,97712.62,7.0
2023.0,5.0,Tregtia me shumice dhe pakice; Riparimi i mjeteve motorike dhe motoeikletave,20956.71,2.0
2019.0,2.0,Tregtia me shumice dhe pakice; Riparimi i mjeteve motorike dhe motoeikletave,1096.57,2.0
2022.0,1.0,Aktivitetet e shendetit te njeriut dhe te punes sociale,32922.79,2.0
2019.0,12.0,Tregtia me shumice dhe pakice; Riparimi i mjeteve motorike dhe motoeikletave,60529.1,3.0
2020.0,5.0,Tregtia me shumice dhe pakice; Riparimi i mjeteve motorike dhe motoeikletave,159944.31,5.0
2020.0,9.0,Tregtia me shumice dhe pakice; Riparimi i mjeteve motorike dhe motoeikletave,15887.06,5.0
2021.0,7.0,Industria perpunuese,3925.0,1.0
2020.0,12.0,Tregtia me shumice dhe pakice; Riparimi i mjeteve motorike dhe motoeikletave,587350.77,201.0
2020.0,11.0,Industria perpunuese,5168.5,1.0
2020.0,8.0,Tregtia me shumice dhe pakice; Riparimi i mjeteve motorike dhe motoeikletave,4696.85,1.0
2024.0,7.0,"Artet, Argetimi dhe rekreacioni",0.0,1.0
2019.0,7.0,Industria perpunuese,642.28,1.0
2021.0,8.0,Tregtia me shumice dhe pakice; Riparimi i mjeteve motorike dhe motoeikletave,305787.13,2.0
2025.0,1.0,Bujqesia;Pylltaria dhe Peshkimi,8802.73,2.0
2024.0,4.0,Aktivitetet e shendetit te njeriut dhe te punes sociale,104004.92,8.0
2023.0,5.0,Tregtia me shumice dhe pakice; Riparimi i mjeteve motorike dhe motoeikletave,13481.26,1.0
2024.0,6.0,Sherbimet administrative dhe mbeshtetese,700.0,2.0
2022.0,7.0,Arsimi,0.0,1.0
2023.0,8.0,Ndertimtaria,69462.38,4.0
2023.0,5.0,Tregtia me shumice dhe pakice; Riparimi i mjeteve motorike dhe motoeikletave,19836.82,3.0
2022.0,12.0,Tregtia me shumice dhe pakice; Riparimi i mjeteve motorike dhe motoeikletave,0.0,1.0
2019.0,5.0,Ndertimtaria,5929.83,1.0
2023.0,7.0,"Aktivitetet profesionale, shkencore dhe teknike",0.0,4.0
2023.0,4.0,"Aktivitetet profesionale, shkencore dhe teknike",0.0,1.0
2022.0,3.0,Industria perpunuese,35848.31,3.0
2025.0,4.0,Industria perpunuese,1016.95,1.0
2025.0,5.0,Informimi dhe komunikimi,917.91,1.0
2020.0,9.0,Tregtia me shumice dhe pakice; Riparimi i mjeteve motorike dhe motoeikletave,7008.64,2.0
2020.0,5.0,Tregtia me shumice dhe pakice; Riparimi i mjeteve motorike dhe motoeikletave,4951813.86,2.0
2024.0,7.0,Bujqesia;Pylltaria dhe Peshkimi,-680.0,1.0
2024.0,12.0,Akomodimi dhe sherbimi ushqimor,2397.0,1.0
2020.0,9.0,Administrimi publik dhe mbrojtja; Sigurimi social i detyrueshem,1035429.69,31.0
2022.0,1.0,Aktivitetet e shendetit te njeriut dhe te punes sociale,15025.76,2.0
2020.0,3.0,Industria perpunuese,6182.69,4.0
2021.0,3.0,Industria perpunuese,2158653.67,3.0
2020.0,4.0,Aktivitetet financiare dhe te sigurimit,2133313.56,1.0
2023.0,9.0,Tregtia me shumice dhe pakice; Riparimi i mjeteve motorike dhe motoeikletave,7940.9,1.0
2021.0,9.0,Ndertimtaria,0.0,1.0
2023.0,2.0,Tregtia me shumice dhe pakice; Riparimi i mjeteve motorike dhe motoeikletave,216232.6,1.0
2020.0,9.0,Industria perpunuese,0.0,1.0
2025.0,6.0,Sherbimet administrative dhe mbeshtetese,1825.0,2.0
2025.0,5.0,Ndertimtaria,91000.0,1.0
2023.0,6.0,Tregtia me shumice dhe pakice; Riparimi i mjeteve motorike dhe motoeikletave,2200.0,1.0
2024.0,4.0,Industria perpunuese,1302941.6,55.0
2025.0,8.0,Industria perpunuese,244733.03,7.0
2020.0,5.0,Sherbimet administrative dhe mbeshtetese,16026.09,2.0
2023.0,5.0,Tregtia me shumice dhe pakice; Riparimi i mjeteve motorike dhe motoeikletave,12.71,2.0
2022.0,5.0,Industria perpunuese,8110.66,2.0
2019.0,5.0,Industria perpunuese,13639.62,3.0
2019.0,7.0,Industria perpunuese,5025.25,1.0
2022.0,2.0,Tregtia me shumice dhe pakice; Riparimi i mjeteve motorike dhe motoeikletave,18004.79,1.0
2019.0,3.0,Industria perpunuese,25848.21,1.0
2023.0,12.0,Bujqesia;Pylltaria dhe Peshkimi,48517.66,4.0
2022.0,4.0,Bujqesia;Pylltaria dhe Peshkimi,7002.37,2.0
2021.0,7.0,"Aktivitetet profesionale, shkencore dhe teknike",33292.95,1.0
2021.0,7.0,Tregtia me shumice dhe pakice; Riparimi i mjeteve motorike dhe motoeikletave,17568.97,2.0
2020.0,6.0,Industria perpunuese,3389.85,1.0
2020.0,2.0,Administrimi publik dhe mbrojtja; Sigurimi social i detyrueshem,994.91,2.0
2022.0,4.0,Tregtia me shumice dhe pakice; Riparimi i mjeteve motorike dhe motoeikletave,19034.94,1.0
2023.0,10.0,Tregtia me shumice dhe pakice; Riparimi i mjeteve motorike dhe motoeikletave,154.24,4.0
2022.0,5.0,Tregtia me shumice dhe pakice; Riparimi i mjeteve motorike dhe motoeikletave,2566.95,1.0
2021.0,1.0,Tregtia me shumice dhe pakice; Riparimi i mjeteve motorike dhe motoeikletave,92407.08,6.0
2023.0,9.0,"Aktivitetet profesionale, shkencore dhe teknike",32924.57,16.0
2019.0,6.0,Industria perpunuese,9121.06,3.0
2019.0,6.0,Industria perpunuese,863612.98,3.0
2022.0,1.0,"Aktivitetet profesionale, shkencore dhe teknike",0.0,2.0
2019.0,6.0,Tregtia me shumice dhe pakice; Riparimi i mjeteve motorike dhe motoeikletave,23586.0,2.0
2021.0,7.0,Sherbimet administrative dhe mbeshtetese,1677.87,1.0
2025.0,8.0,Tregtia me shumice dhe pakice; Riparimi i mjeteve motorike dhe motoeikletave,105703.0,3.0
2022.0,7.0,Bujqesia;Pylltaria dhe Peshkimi,10115.34,1.0
2025.0,11.0,Informimi dhe komunikimi,2686.65,1.0
2025.0,4.0,Administrimi publik dhe mbrojtja; Sigurimi social i detyrueshem,47191.22,3.0
2023.0,3.0,Informimi dhe komunikimi,7879.55,8.0
2021.0,6.0,Industria perpunuese,243396.09,1.0
2022.0,2.0,Tregtia me shumice dhe pakice; Riparimi i mjeteve motorike dhe motoeikletave,0.0,1.0
2025.0,4.0,"Aktivitetet profesionale, shkencore dhe teknike",82448.21,10.0
2025.0,3.0,Sherbimet administrative dhe mbeshtetese,5339.72,12.0
2020.0,12.0,Aktivitetet e tjera sherbyese,40580.99,22.0
2020.0,2.0,Tregtia me shumice dhe pakice; Riparimi i mjeteve motorike dhe motoeikletave,5241.54,1.0
2021.0,8.0,Bujqesia;Pylltaria dhe Peshkimi,0.0,1.0
2022.0,5.0,Tregtia me shumice dhe pakice; Riparimi i mjeteve motorike dhe motoeikletave,1037.61,1.0
2019.0,1.0,Akomodimi dhe sherbimi ushqimor,10765.08,3.0
2020.0,9.0,Industria perpunuese,611631.57,15.0
2022.0,10.0,Aktivitetet e patundshmerise,0.0,1.0
2021.0,4.0,Tregtia me shumice dhe pakice; Riparimi i mjeteve motorike dhe motoeikletave,2664.19,1.0
2025.0,12.0,Aktivitetet financiare dhe te sigurimit,0.0,1.0
2025.0,1.0,Aktivitetet e shendetit te njeriut dhe te punes sociale,12382.4,3.0
2025.0,2.0,Tregtia me shumice dhe pakice; Riparimi i mjeteve motorike dhe motoeikletave,0.0,1.0
2019.0,7.0,Informimi dhe komunikimi,8381.36,1.0
2022.0,1.0,Industria perpunuese,508.47,1.0
2022.0,6.0,Ndertimtaria,4175.0,3.0
2019.0,5.0,Aktivitetet financiare dhe te sigurimit,0.0,1.0
2020.0,7.0,Tregtia me shumice dhe pakice; Riparimi i mjeteve motorike dhe motoeikletave,4633.79,3.0
2025.0,2.0,Ndertimtaria,25424.53,5.0
2020.0,4.0,Informimi dhe komunikimi,11960.45,1.0
2020.0,3.0,Industria perpunuese,1721.0,1.0
2019.0,10.0,Ndertimtaria,47798.0,7.0
2025.0,7.0,Tregtia me shumice dhe pakice; Riparimi i mjeteve motorike dhe motoeikletave,263577.36,21.0
2021.0,1.0,Ndertimtaria,295457.41,3.0
2019.0,8.0,Informimi dhe komunikimi,2113.81,1.0
2023.0,8.0,Tregtia me shumice dhe pakice; Riparimi i mjeteve motorike dhe motoeikletave,83419.83,2.0
2020.0,5.0,Tregtia me shumice dhe pakice; Riparimi i mjeteve motorike dhe motoeikletave,3692.14,2.0
2025.0,9.0,Tregtia me shumice dhe pakice; Riparimi i mjeteve motorike dhe motoeikletave,0.0,2.0
2019.0,1.0,Tregtia me shumice dhe pakice; Riparimi i mjeteve motorike dhe motoeikletave,0.0,1.0
2021.0,7.0,Bujqesia;Pylltaria dhe Peshkimi,15983.05,2.0
2024.0,1.0,Ndertimtaria,5738.85,2.0
2021.0,3.0,Tregtia me shumice dhe pakice; Riparimi i mjeteve motorike dhe motoeikletave,1646.0,3.0
2024.0,8.0,Industria perpunuese,16128.84,7.0
2021.0,8.0,Industria perpunuese,0.0,1.0
2025.0,9.0,Arsimi,0.0,2.0
2019.0,10.0,Industria perpunuese,1473598.49,1.0
2021.0,11.0,Tregtia me shumice dhe pakice; Riparimi i mjeteve motorike dhe motoeikletave,1217.97,1.0
2025.0,6.0,Tregtia me shumice dhe pakice; Riparimi i mjeteve motorike dhe motoeikletave,20876.86,8.0
2022.0,1.0,Aktivitetet e shendetit te njeriut dhe te punes sociale,46021.23,1.0
2019.0,12.0,"Artet, Argetimi dhe rekreacioni",243.22,1.0
2025.0,10.0,Ndertimtaria,276479.88,18.0
2025.0,2.0,Akomodimi dhe sherbimi ushqimor,2821.18,1.0
2022.0,4.0,Ndertimtaria,1288.07,5.0
2025.0,12.0,Industria perpunuese,9194.92,1.0
2019.0,1.0,Informimi dhe komunikimi,2283.6,1.0
2022.0,4.0,Industria perpunuese,64396.05,2.0
2023.0,11.0,Industria perpunuese,30331.14,3.0
2020.0,12.0,Industria perpunuese,0.0,1.0
2020.0,10.0,Tregtia me shumice dhe pakice; Riparimi i mjeteve motorike dhe motoeikletave,110563.71,3.0
2023.0,1.0,Aktivitetet financiare dhe te sigurimit,0.0,1.0
2023.0,10.0,"Artet, Argetimi dhe rekreacioni",1144.06,1.0
2020.0,6.0,Bujqesia;Pylltaria dhe Peshkimi,1500.0,3.0
2024.0,2.0,Tregtia me shumice dhe pakice; Riparimi i mjeteve motorike dhe motoeikletave,75533.96,2.0
2023.0,10.0,Industria perpunuese,12171.52,10.0
2025.0,12.0,Tregtia me shumice dhe pakice; Riparimi i mjeteve motorike dhe motoeikletave,33071.25,3.0
2024.0,3.0,Industria perpunuese,190373.94,2.0
2021.0,12.0,Tregtia me shumice dhe pakice; Riparimi i mjeteve motorike dhe motoeikletave,24008.78,4.0
2023.0,9.0,Tregtia me shumice dhe pakice; Riparimi i mjeteve motorike dhe motoeikletave,0.0,4.0
2023.0,3.0,"Aktivitetet profesionale, shkencore dhe teknike",0.0,1.0
2024.0,12.0,Mungon aktiviteti,0.0,4.0
2025.0,8.0,Industria perpunuese,0.0,1.0
2021.0,6.0,Sherbimet administrative dhe mbeshtetese,6260.0,1.0
2022.0,1.0,Aktivitetet financiare dhe te sigurimit,2939.16,2.0
2024.0,7.0,Ndertimtaria,38666.87,3.0
2020.0,4.0,Tregtia me shumice dhe pakice; Riparimi i mjeteve motorike dhe motoeikletave,400.0,2.0
2025.0,1.0,Tregtia me shumice dhe pakice; Riparimi i mjeteve motorike dhe motoeikletave,37520.62,2.0
2020.0,3.0,Industria perpunuese,14742.51,1.0
2019.0,6.0,Aktivitetet e tjera sherbyese,4240.34,2.0
2019.0,10.0,Ndertimtaria,1761456.25,3.0
2022.0,5.0,Ndertimtaria,1762.71,1.0
2023.0,1.0,"Aktivitetet profesionale, shkencore dhe teknike",0.0,1.0
2022.0,5.0,Aktivitetet e tjera sherbyese,34776.0,2.0
2019.0,9.0,Industria nxjerrese,2350.0,1.0
2023.0,7.0,Industria perpunuese,100094.82,2.0
2021.0,4.0,Industria perpunuese,0.0,1.0
2024.0,8.0,Tregtia me shumice dhe pakice; Riparimi i mjeteve motorike dhe motoeikletave,54485.65,2.0
2021.0,11.0,Industria perpunuese,159442.63,1.0
2024.0,1.0,Ndertimtaria,772579.96,14.0
2021.0,11.0,Bujqesia;Pylltaria dhe Peshkimi,5000.0,3.0
2023.0,2.0,"Aktivitetet profesionale, shkencore dhe teknike",27510.62,2.0
2020.0,12.0,Industria perpunuese,10680.0,2.0
2021.0,2.0,Person Fizik,0.0,1.0
2019.0,1.0,Tregtia me shumice dhe pakice; Riparimi i mjeteve motorike dhe motoeikletave,368191.88,22.0
2021.0,1.0,Transporti dhe magazinimi,291152.92,1.0
2025.0,8.0,Tregtia me shumice dhe pakice; Riparimi i mjeteve motorike dhe motoeikletave,1292.97,1.0
2021.0,9.0,Informimi dhe komunikimi,55138.16,2.0
2023.0,6.0,Tregtia me shumice dhe pakice; Riparimi i mjeteve motorike dhe motoeikletave,5868.7,4.0
2023.0,5.0,Ndertimtaria,2353011.6,69.0
2019.0,12.0,Tregtia me shumice dhe pakice; Riparimi i mjeteve motorike dhe motoeikletave,1986.0,1.0
2021.0,7.0,Sherbimet administrative dhe mbeshtetese,3854.09,1.0
2019.0,9.0,Industria perpunuese,29637.4,3.0
2024.0,5.0,Tregtia me shumice dhe pakice; Riparimi i mjeteve motorike dhe motoeikletave,3393.47,1.0
2022.0,1.0,Tregtia me shumice dhe pakice; Riparimi i mjeteve motorike dhe motoeikletave,154680.76,7.0
2019.0,7.0,Tregtia me shumice dhe pakice; Riparimi i mjeteve motorike dhe motoeikletave,16898.78,4.0
2025.0,10.0,Transporti dhe magazinimi,982651.25,29.0
2020.0,1.0,Akomodimi dhe sherbimi ushqimor,2918.0,1.0
2024.0,12.0,Tregtia me shumice dhe pakice; Riparimi i mjeteve motorike dhe motoeikletave,2403329.77,33.0
2024.0,10.0,Tregtia me shumice dhe pakice; Riparimi i mjeteve motorike dhe motoeikletave,6100965.59,14.0
2020.0,5.0,Ndertimtaria,122976.28,17.0
2019.0,5.0,Industria nxjerrese,0.0,1.0
2019.0,9.0,Tregtia me shumice dhe pakice; Riparimi i mjeteve motorike dhe motoeikletave,38642.38,3.0
2020.0,9.0,Tregtia me shumice dhe pakice; Riparimi i mjeteve motorike dhe motoeikletave,10640.0,2.0
2025.0,8.0,Tregtia me shumice dhe pakice; Riparimi i mjeteve motorike dhe motoeikletave,134534.64,3.0
2020.0,10.0,Tregtia me shumice dhe pakice; Riparimi i mjeteve motorike dhe motoeikletave,12250.0,1.0
2024.0,12.0,Industria perpunuese,2178.42,1.0
2021.0,10.0,Tregtia me shumice dhe pakice; Riparimi i mjeteve motorike dhe motoeikletave,465712.71,15.0
2022.0,10.0,Industria perpunuese,7486.44,3.0
2024.0,4.0,Tregtia me shumice dhe pakice; Riparimi i mjeteve motorike dhe motoeikletave,33176.72,5.0
2021.0,10.0,Tregtia me shumice dhe pakice; Riparimi i mjeteve motorike dhe motoeikletave,4227.87,1.0
2020.0,11.0,Arsimi,4576.27,2.0
2024.0,8.0,"Artet, Argetimi dhe rekreacioni",0.0,1.0
2019.0,11.0,Tregtia me shumice dhe pakice; Riparimi i mjeteve motorike dhe motoeikletave,832128.28,36.0
2019.0,2.0,Tregtia me shumice dhe pakice; Riparimi i mjeteve motorike dhe motoeikletave,39151.83,1.0
2021.0,12.0,Industria perpunuese,12077.14,1.0
2020.0,1.0,Aktivitetet e shendetit te njeriut dhe te punes sociale,0.0,1.0
2025.0,6.0,Industria nxjerrese,0.0,1.0
2019.0,12.0,Informimi dhe komunikimi,1085000.94,26.0
2025.0,2.0,Tregtia me shumice dhe pakice; Riparimi i mjeteve motorike dhe motoeikletave,246569.59,15.0
2019.0,12.0,Industria perpunuese,2152.74,1.0
2021.0,12.0,Ndertimtaria,2200.0,1.0
2024.0,8.0,"Aktivitetet profesionale, shkencore dhe teknike",10535.22,3.0
2023.0,1.0,Furnizimi me uje; Kanalizimi; Aktivitetet e menaxhimit dhe te trajtimit te mbeturinave,102.66,1.0
2021.0,10.0,Transporti dhe magazinimi,71915.67,8.0
2019.0,5.0,"Aktivitetet profesionale, shkencore dhe teknike",17974.34,1.0
2024.0,9.0,Furnizimi me uje; Kanalizimi; Aktivitetet e menaxhimit dhe te trajtimit te mbeturinave,465722.51,1.0
2022.0,5.0,"Aktivitetet profesionale, shkencore dhe teknike",4505.44,4.0
2020.0,4.0,Tregtia me shumice dhe pakice; Riparimi i mjeteve motorike dhe motoeikletave,11600.12,3.0
2020.0,3.0,Industria perpunuese,1159.32,1.0
2024.0,6.0,"Aktivitetet profesionale, shkencore dhe teknike",39024.77,7.0
2019.0,9.0,Tregtia me shumice dhe pakice; Riparimi i mjeteve motorike dhe motoeikletave,1300.0,1.0
2025.0,9.0,"Aktivitetet profesionale, shkencore dhe teknike",7080.64,3.0
2023.0,3.0,Person Fizik,2202145.21,264.0
2024.0,6.0,Bujqesia;Pylltaria dhe Peshkimi,1432133.51,5.0
2020.0,1.0,Bujqesia;Pylltaria dhe Peshkimi,3425.68,2.0
2019.0,3.0,Industria perpunuese,536.44,1.0
2019.0,8.0,Industria perpunuese,338238.96,2.0
2023.0,11.0,Ndertimtaria,0.0,1.0
2022.0,3.0,Tregtia me shumice dhe pakice; Riparimi i mjeteve motorike dhe motoeikletave,5504.15,4.0
2022.0,9.0,Tregtia me shumice dhe pakice; Riparimi i mjeteve motorike dhe motoeikletave,3597.75,4.0
2024.0,10.0,"Aktivitetet profesionale, shkencore dhe teknike",139529.37,11.0
2025.0,10.0,Administrimi publik dhe mbrojtja; Sigurimi social i detyrueshem,19320.89,1.0
2021.0,9.0,Tregtia me shumice dhe pakice; Riparimi i mjeteve motorike dhe motoeikletave,1530.0,1.0
2021.0,8.0,Tregtia me shumice dhe pakice; Riparimi i mjeteve motorike dhe motoeikletave,3100.13,1.0
2019.0,2.0,Ndertimtaria,474.58,3.0
2022.0,10.0,Industria perpunuese,11703.81,1.0
2022.0,11.0,Tregtia me shumice dhe pakice; Riparimi i mjeteve motorike dhe motoeikletave,0.0,1.0
2023.0,5.0,Transporti dhe magazinimi,67226.17,6.0
2024.0,10.0,Transporti dhe magazinimi,3934.75,2.0
2021.0,1.0,Industria perpunuese,8968.41,1.0
2023.0,11.0,Tregtia me shumice dhe pakice; Riparimi i mjeteve motorike dhe motoeikletave,72451.77,6.0
2025.0,2.0,Tregtia me shumice dhe pakice; Riparimi i mjeteve motorike dhe motoeikletave,0.0,1.0
2021.0,2.0,Sherbimet administrative dhe mbeshtetese,21701.0,2.0
2021.0,7.0,Ndertimtaria,0.0,1.0
2020.0,6.0,"Artet, Argetimi dhe rekreacioni",1410.0,1.0
2023.0,5.0,"Aktivitetet profesionale, shkencore dhe teknike",66653.19,6.0
2024.0,9.0,Ndertimtaria,37240.4,9.0
2021.0,7.0,Tregtia me shumice dhe pakice; Riparimi i mjeteve motorike dhe motoeikletave,192.0,1.0
2021.0,3.0,Industria perpunuese,0.0,2.0
2023.0,4.0,Ndertimtaria,102516.31,17.0
2019.0,12.0,Ndertimtaria,85655.85,7.0
2019.0,2.0,Tregtia me shumice dhe pakice; Riparimi i mjeteve motorike dhe motoeikletave,33292.21,13.0
2024.0,7.0,Akomodimi dhe sherbimi ushqimor,4497.88,1.0
2023.0,9.0,Tregtia me shumice dhe pakice; Riparimi i mjeteve motorike dhe motoeikletave,10807.99,1.0
2022.0,5.0,Industria perpunuese,20428.64,2.0
2019.0,5.0,Industria perpunuese,0.0,1.0
2020.0,7.0,Tregtia me shumice dhe pakice; Riparimi i mjeteve motorike dhe motoeikletave,84556.48,2.0
2025.0,7.0,Industria perpunuese,40756.95,4.0
2020.0,7.0,Industria perpunuese,0.0,2.0
2023.0,11.0,Tregtia me shumice dhe pakice; Riparimi i mjeteve motorike dhe motoeikletave,105855.92,1.0
2021.0,1.0,Informimi dhe komunikimi,1474633.23,74.0
2024.0,2.0,Tregtia me shumice dhe pakice; Riparimi i mjeteve motorike dhe motoeikletave,3394.06,1.0
2024.0,11.0,Tregtia me shumice dhe pakice; Riparimi i mjeteve motorike dhe motoeikletave,214775.29,33.0
2023.0,12.0,Akomodimi dhe sherbimi ushqimor,0.0,1.0
2023.0,2.0,Industria perpunuese,16661.02,1.0
2023.0,10.0,Tregtia me shumice dhe pakice; Riparimi i mjeteve motorike dhe motoeikletave,4997.64,2.0
2022.0,2.0,"Aktivitetet profesionale, shkencore dhe teknike",2727.97,3.0
2024.0,2.0,Tregtia me shumice dhe pakice; Riparimi i mjeteve motorike dhe motoeikletave,29881.01,1.0
2024.0,3.0,Tregtia me shumice dhe pakice; Riparimi i mjeteve motorike dhe motoeikletave,21451.33,2.0
2021.0,7.0,Industria perpunuese,64445.87,7.0
2021.0,3.0,Ndertimtaria,9472.38,3.0
2022.0,11.0,Industria perpunuese,54832.66,1.0
2024.0,4.0,Transporti dhe magazinimi,14000.0,1.0
2024.0,8.0,Bujqesia;Pylltaria dhe Peshkimi,2777.77,2.0
2021.0,2.0,Sherbimet administrative dhe mbeshtetese,0.0,1.0
2021.0,4.0,Industria perpunuese,1810.35,1.0
2019.0,5.0,Tregtia me shumice dhe pakice; Riparimi i mjeteve motorike dhe motoeikletave,14601.31,3.0
2025.0,7.0,Tregtia me shumice dhe pakice; Riparimi i mjeteve motorike dhe motoeikletave,869531.49,4.0
2023.0,12.0,Tregtia me shumice dhe pakice; Riparimi i mjeteve motorike dhe motoeikletave,76295.42,12.0
2021.0,11.0,Industria perpunuese,51671.63,2.0
2024.0,6.0,Industria perpunuese,6986.75,1.0
2022.0,7.0,Arsimi,60625.03,1.0
2019.0,8.0,Akomodimi dhe sherbimi ushqimor,47438.08,3.0
2021.0,5.0,Person Fizik,61873.24,4.0
2022.0,6.0,Tregtia me shumice dhe pakice; Riparimi i mjeteve motorike dhe motoeikletave,48191.95,2.0
2022.0,6.0,Administrimi publik dhe mbrojtja; Sigurimi social i detyrueshem,1289.0,1.0
2019.0,6.0,Aktivitetet e shendetit te njeriut dhe te punes sociale,29948.0,8.0
2025.0,9.0,Tregtia me shumice dhe pakice; Riparimi i mjeteve motorike dhe motoeikletave,5000.0,2.0
2021.0,10.0,"Aktivitetet profesionale, shkencore dhe teknike",0.0,1.0
2024.0,1.0,Industria perpunuese,13133.05,1.0
2024.0,5.0,Tregtia me shumice dhe pakice; Riparimi i mjeteve motorike dhe motoeikletave,281329.37,4.0
2024.0,10.0,Furnizimi me uje; Kanalizimi; Aktivitetet e menaxhimit dhe te trajtimit te mbeturinave,280315.83,1.0
2019.0,1.0,Tregtia me shumice dhe pakice; Riparimi i mjeteve motorike dhe motoeikletave,3389.83,2.0
2021.0,3.0,Industria perpunuese,11253.12,1.0
2023.0,5.0,Akomodimi dhe sherbimi ushqimor,0.0,1.0
2022.0,2.0,Tregtia me shumice dhe pakice; Riparimi i mjeteve motorike dhe motoeikletave,13851.35,2.0
2019.0,3.0,Aktivitetet e tjera sherbyese,0.0,1.0
2019.0,12.0,Aktivitetet e tjera sherbyese,12725.85,1.0
2021.0,5.0,Furnizimi me uje; Kanalizimi; Aktivitetet e menaxhimit dhe te trajtimit te mbeturinave,127008.66,1.0
2022.0,4.0,Furnizimi me uje; Kanalizimi; Aktivitetet e menaxhimit dhe te trajtimit te mbeturinave,0.0,2.0
2020.0,6.0,"Aktivitetet profesionale, shkencore dhe teknike",5485.9,1.0
2023.0,8.0,Tregtia me shumice dhe pakice; Riparimi i mjeteve motorike dhe motoeikletave,5611.0,1.0
2021.0,5.0,Sherbimet administrative dhe mbeshtetese,2811689.0,4.0
2022.0,12.0,Tregtia me shumice dhe pakice; Riparimi i mjeteve motorike dhe motoeikletave,5998.0,4.0
2022.0,2.0,Industria perpunuese,210408.45,2.0
2025.0,7.0,Administrimi publik dhe mbrojtja; Sigurimi social i detyrueshem,0.0,1.0
2022.0,11.0,Tregtia me shumice dhe pakice; Riparimi i mjeteve motorike dhe motoeikletave,9804.73,4.0
2022.0,12.0,Bujqesia;Pylltaria dhe Peshkimi,18791.15,16.0
2025.0,2.0,Industria perpunuese,508702.16,2.0
2025.0,11.0,Tregtia me shumice dhe pakice; Riparimi i mjeteve motorike dhe motoeikletave,10930.95,1.0
2025.0,1.0,Industria nxjerrese,108331.87,2.0
2025.0,1.0,Aktivitetet financiare dhe te sigurimit,27573.73,1.0
2020.0,6.0,Akomodimi dhe sherbimi ushqimor,14427.83,2.0
2020.0,11.0,Industria perpunuese,1479.08,1.0
2019.0,2.0,Sherbimet administrative dhe mbeshtetese,96927.94,6.0
2024.0,3.0,Bujqesia;Pylltaria dhe Peshkimi,18577.55,11.0
2020.0,10.0,Industria perpunuese,899544.33,4.0
2022.0,6.0,Tregtia me shumice dhe pakice; Riparimi i mjeteve motorike dhe motoeikletave,104384.04,3.0
2025.0,2.0,Tregtia me shumice dhe pakice; Riparimi i mjeteve motorike dhe motoeikletave,12791.33,4.0
2023.0,7.0,Tregtia me shumice dhe pakice; Riparimi i mjeteve motorike dhe motoeikletave,27681.42,1.0
2020.0,3.0,"Aktivitetet profesionale, shkencore dhe teknike",102323.2,49.0
2019.0,12.0,Tregtia me shumice dhe pakice; Riparimi i mjeteve motorike dhe motoeikletave,49887.27,2.0
2019.0,7.0,Aktivitetet e patundshmerise,35000.0,1.0
2021.0,12.0,Industria perpunuese,325362.88,4.0
2019.0,2.0,Industria perpunuese,1210.0,1.0
2020.0,12.0,"Aktivitetet profesionale, shkencore dhe teknike",142485.94,25.0
2023.0,3.0,Transporti dhe magazinimi,8500.0,17.0
2025.0,5.0,Tregtia me shumice dhe pakice; Riparimi i mjeteve motorike dhe motoeikletave,3989.66,3.0
2025.0,6.0,Akomodimi dhe sherbimi ushqimor,0.0,1.0
2022.0,6.0,Industria perpunuese,0.0,1.0
2024.0,11.0,Industria perpunuese,86240.19,9.0
2020.0,11.0,Tregtia me shumice dhe pakice; Riparimi i mjeteve motorike dhe motoeikletave,72961.18,2.0
2021.0,6.0,Akomodimi dhe sherbimi ushqimor,7290.06,3.0
2024.0,7.0,Industria perpunuese,2932.29,1.0
2020.0,3.0,Industria perpunuese,33115.08,1.0
2020.0,2.0,"Aktivitetet profesionale, shkencore dhe teknike",13701.77,1.0
2024.0,3.0,Akomodimi dhe sherbimi ushqimor,8225.08,2.0
2024.0,5.0,Tregtia me shumice dhe pakice; Riparimi i mjeteve motorike dhe motoeikletave,0.0,1.0
2019.0,7.0,Tregtia me shumice dhe pakice; Riparimi i mjeteve motorike dhe motoeikletave,495547.49,2.0
2024.0,4.0,Industria perpunuese,768.97,1.0
2019.0,5.0,Industria perpunuese,11544.31,2.0
2024.0,3.0,Tregtia me shumice dhe pakice; Riparimi i mjeteve motorike dhe motoeikletave,325586.19,26.0
2020.0,7.0,Ndertimtaria,13559.32,1.0
2023.0,1.0,Tregtia me shumice dhe pakice; Riparimi i mjeteve motorike dhe motoeikletave,1837.57,1.0
2019.0,6.0,Aktivitetet e shendetit te njeriut dhe te punes sociale,359790.17,5.0
2021.0,6.0,Industria perpunuese,6000.0,3.0
2023.0,8.0,Tregtia me shumice dhe pakice; Riparimi i mjeteve motorike dhe motoeikletave,167290.89,2.0
2019.0,11.0,Tregtia me shumice dhe pakice; Riparimi i mjeteve motorike dhe motoeikletave,8981.73,1.0
2019.0,6.0,Industria perpunuese,22606.39,5.0
2025.0,1.0,Tregtia me shumice dhe pakice; Riparimi i mjeteve motorike dhe motoeikletave,0.0,2.0
2022.0,4.0,Informimi dhe komunikimi,276908.42,31.0
2021.0,7.0,Ndertimtaria,0.0,1.0
2023.0,1.0,Industria perpunuese,19968.19,3.0
2020.0,1.0,Tregtia me shumice dhe pakice; Riparimi i mjeteve motorike dhe motoeikletave,309708.72,2.0
2020.0,7.0,Industria perpunuese,133751.57,2.0
2020.0,4.0,Ndertimtaria,0.0,1.0
2021.0,10.0,Informimi dhe komunikimi,0.0,1.0
2025.0,10.0,Tregtia me shumice dhe pakice; Riparimi i mjeteve motorike dhe motoeikletave,66543.22,5.0
2022.0,3.0,Ndertimtaria,400.0,1.0
2019.0,8.0,Aktivitetet e shendetit te njeriut dhe te punes sociale,9566.0,3.0
2022.0,8.0,Tregtia me shumice dhe pakice; Riparimi i mjeteve motorike dhe motoeikletave,274184.95,6.0
2025.0,7.0,Industria perpunuese,194549.75,1.0
2023.0,4.0,Tregtia me shumice dhe pakice; Riparimi i mjeteve motorike dhe motoeikletave,2888.56,1.0
2021.0,11.0,"Aktivitetet profesionale, shkencore dhe teknike",901807.46,67.0
2022.0,8.0,Tregtia me shumice dhe pakice; Riparimi i mjeteve motorike dhe motoeikletave,94835.93,3.0
2023.0,7.0,Industria perpunuese,2169.5,1.0
2024.0,11.0,Industria perpunuese,4328.81,1.0
2023.0,12.0,Informimi dhe komunikimi,12438.0,3.0
2019.0,9.0,Tregtia me shumice dhe pakice; Riparimi i mjeteve motorike dhe motoeikletave,27077.26,2.0
2019.0,8.0,Ndertimtaria,4703.38,1.0
2021.0,9.0,Mungon aktiviteti,0.0,1.0
2023.0,4.0,Bujqesia;Pylltaria dhe Peshkimi,0.0,1.0
2024.0,10.0,"Aktivitetet profesionale, shkencore dhe teknike",469693.9,3.0
2019.0,4.0,Industria perpunuese,56362.71,2.0
2022.0,6.0,Industria perpunuese,157240.08,2.0
2023.0,7.0,Aktivitetet e shendetit te njeriut dhe te punes sociale,3965.0,1.0
2024.0,8.0,Tregtia me shumice dhe pakice; Riparimi i mjeteve motorike dhe motoeikletave,85375.47,5.0
2022.0,10.0,Tregtia me shumice dhe pakice; Riparimi i mjeteve motorike dhe motoeikletave,514260.78,15.0
2024.0,3.0,Ndertimtaria,2033.89,1.0
2024.0,5.0,Tregtia me shumice dhe pakice; Riparimi i mjeteve motorike dhe motoeikletave,740.61,1.0
2019.0,8.0,Tregtia me shumice dhe pakice; Riparimi i mjeteve motorike dhe motoeikletave,2318.85,1.0
2022.0,8.0,Ndertimtaria,2555.08,2.0
2021.0,1.0,Industria perpunuese,9280.84,3.0
2020.0,6.0,Industria perpunuese,1144.0,2.0
2022.0,10.0,Bujqesia;Pylltaria dhe Peshkimi,9752.05,1.0
2019.0,4.0,Tregtia me shumice dhe pakice; Riparimi i mjeteve motorike dhe motoeikletave,2987.29,1.0
2020.0,12.0,Tregtia me shumice dhe pakice; Riparimi i mjeteve motorike dhe motoeikletave,0.0,1.0
2023.0,6.0,Tregtia me shumice dhe pakice; Riparimi i mjeteve motorike dhe motoeikletave,1152.0,1.0
2020.0,2.0,Tregtia me shumice dhe pakice; Riparimi i mjeteve motorike dhe motoeikletave,5330392.21,18.0
2019.0,7.0,Informimi dhe komunikimi,59574.8,1.0
2019.0,1.0,Bujqesia;Pylltaria dhe Peshkimi,11554.48,3.0
2022.0,7.0,Informimi dhe komunikimi,11427.6,2.0
2024.0,10.0,Administrimi publik dhe mbrojtja; Sigurimi social i detyrueshem,209328.46,7.0
2019.0,4.0,Bujqesia;Pylltaria dhe Peshkimi,13269.59,3.0
2020.0,6.0,Industria perpunuese,43.58,1.0
2025.0,5.0,Industria perpunuese,105163.63,3.0
2021.0,6.0,Tregtia me shumice dhe pakice; Riparimi i mjeteve motorike dhe motoeikletave,2083352.07,12.0
2024.0,8.0,Tregtia me shumice dhe pakice; Riparimi i mjeteve motorike dhe motoeikletave,297927.86,3.0
2023.0,7.0,"Furnizimi me rryme, gaz, avull dhe ajer te kondicionuar",7353.81,1.0
2023.0,11.0,Sherbimet administrative dhe mbeshtetese,3700.0,1.0
2022.0,12.0,Informimi dhe komunikimi,46025.06,5.0
2020.0,9.0,Tregtia me shumice dhe pakice; Riparimi i mjeteve motorike dhe motoeikletave,25238.28,1.0
2020.0,11.0,Transporti dhe magazinimi,20367.44,2.0
2024.0,1.0,Akomodimi dhe sherbimi ushqimor,292686.24,3.0
2020.0,9.0,Ndertimtaria,3244.0,3.0
2019.0,10.0,Industria perpunuese,3089.87,1.0
2019.0,9.0,"Aktivitetet profesionale, shkencore dhe teknike",945.0,4.0
2025.0,3.0,Aktivitetet e shendetit te njeriut dhe te punes sociale,17193.0,2.0
2022.0,4.0,Sherbimet administrative dhe mbeshtetese,13852.37,2.0
2023.0,1.0,Sherbimet administrative dhe mbeshtetese,10301.32,3.0
2022.0,10.0,Industria perpunuese,28406.99,4.0
2019.0,4.0,Industria perpunuese,0.0,2.0
2023.0,3.0,Industria perpunuese,68933.51,4.0
2023.0,8.0,"Aktivitetet profesionale, shkencore dhe teknike",12902.55,1.0
2020.0,12.0,Furnizimi me uje; Kanalizimi; Aktivitetet e menaxhimit dhe te trajtimit te mbeturinave,0.0,1.0
2025.0,9.0,Industria perpunuese,1281.35,1.0
2019.0,10.0,Informimi dhe komunikimi,0.0,1.0
2021.0,8.0,Ndertimtaria,21292.38,1.0
2022.0,9.0,Ndertimtaria,28715.75,3.0
2021.0,3.0,Industria perpunuese,58284.83,41.0
2025.0,9.0,"Aktivitetet profesionale, shkencore dhe teknike",6562.25,10.0
2024.0,6.0,Mungon aktiviteti,590.33,2.0
2020.0,10.0,Arsimi,2711.94,1.0
2019.0,2.0,Tregtia me shumice dhe pakice; Riparimi i mjeteve motorike dhe motoeikletave,2694.39,2.0
2022.0,12.0,Industria perpunuese,105721.64,2.0
2019.0,3.0,Tregtia me shumice dhe pakice; Riparimi i mjeteve motorike dhe motoeikletave,2997.18,6.0
2023.0,10.0,Industria perpunuese,4647338.69,2.0
2021.0,11.0,Industria perpunuese,9552.08,1.0
2023.0,10.0,Tregtia me shumice dhe pakice; Riparimi i mjeteve motorike dhe motoeikletave,12415.24,1.0
2025.0,3.0,"Aktivitetet profesionale, shkencore dhe teknike",12393.81,3.0
2021.0,4.0,"Aktivitetet profesionale, shkencore dhe teknike",0.0,1.0
2023.0,9.0,Ndertimtaria,6420.0,4.0
2022.0,1.0,Akomodimi dhe sherbimi ushqimor,5398.98,2.0
2023.0,5.0,Tregtia me shumice dhe pakice; Riparimi i mjeteve motorike dhe motoeikletave,5727.47,2.0
2025.0,3.0,Bujqesia;Pylltaria dhe Peshkimi,17327.85,8.0
2024.0,3.0,Industria perpunuese,0.0,1.0
2019.0,3.0,Industria perpunuese,7134.27,1.0
2019.0,12.0,Industria perpunuese,692885.91,2.0
2020.0,5.0,Industria nxjerrese,0.0,1.0
2023.0,9.0,Industria perpunuese,18625.61,3.0
2025.0,4.0,Tregtia me shumice dhe pakice; Riparimi i mjeteve motorike dhe motoeikletave,4000.0,2.0
2025.0,4.0,Bujqesia;Pylltaria dhe Peshkimi,14045.68,4.0
2023.0,7.0,Akomodimi dhe sherbimi ushqimor,0.0,1.0
2025.0,11.0,Tregtia me shumice dhe pakice; Riparimi i mjeteve motorike dhe motoeikletave,35318.44,2.0
2021.0,10.0,Tregtia me shumice dhe pakice; Riparimi i mjeteve motorike dhe motoeikletave,8997.61,1.0
2019.0,11.0,"Artet, Argetimi dhe rekreacioni",0.0,1.0
2022.0,8.0,Tregtia me shumice dhe pakice; Riparimi i mjeteve motorike dhe motoeikletave,20633.95,1.0
2022.0,10.0,Sherbimet administrative dhe mbeshtetese,2288.75,1.0
2023.0,12.0,"Aktivitetet profesionale, shkencore dhe teknike",0.0,2.0
2020.0,8.0,Tregtia me shumice dhe pakice; Riparimi i mjeteve motorike dhe motoeikletave,54404.4,3.0
2022.0,7.0,Industria perpunuese,3385.01,1.0
2025.0,12.0,Akomodimi dhe sherbimi ushqimor,19747.02,11.0
2022.0,12.0,Aktivitetet e shendetit te njeriut dhe te punes sociale,5605.0,1.0
2024.0,1.0,Tregtia me shumice dhe pakice; Riparimi i mjeteve motorike dhe motoeikletave,23517.74,2.0
2022.0,3.0,Transporti dhe magazinimi,530687.83,13.0
2025.0,8.0,Sherbimet administrative dhe mbeshtetese,4394.06,2.0
2023.0,3.0,Bujqesia;Pylltaria dhe Peshkimi,5635.59,1.0
2023.0,7.0,Aktivitetet financiare dhe te sigurimit,5189484.77,1.0
2019.0,2.0,Bujqesia;Pylltaria dhe Peshkimi,6722.56,1.0
2019.0,9.0,Industria perpunuese,11784.97,1.0
2020.0,10.0,Transporti dhe magazinimi,48329.24,3.0
2020.0,6.0,Industria perpunuese,3805.0,3.0
2024.0,6.0,Aktivitetet e tjera sherbyese,0.0,1.0
2025.0,11.0,Tregtia me shumice dhe pakice; Riparimi i mjeteve motorike dhe motoeikletave,27645.85,4.0
2020.0,1.0,Tregtia me shumice dhe pakice; Riparimi i mjeteve motorike dhe motoeikletave,25322.89,9.0
2019.0,8.0,Industria perpunuese,8785.25,1.0
2025.0,11.0,Tregtia me shumice dhe pakice; Riparimi i mjeteve motorike dhe motoeikletave,38287.02,4.0
2024.0,2.0,Aktivitetet e tjera sherbyese,262.54,1.0
2022.0,6.0,Ndertimtaria,329020.24,31.0
2020.0,1.0,Tregtia me shumice dhe pakice; Riparimi i mjeteve motorike dhe motoeikletave,0.0,2.0
2020.0,9.0,Sherbimet administrative dhe mbeshtetese,0.0,1.0
2021.0,10.0,Bujqesia;Pylltaria dhe Peshkimi,0.0,2.0
2020.0,12.0,Arsimi,3070.0,1.0
2025.0,1.0,Ndertimtaria,0.0,1.0
2024.0,9.0,Informimi dhe komunikimi,17170.0,2.0
2023.0,4.0,Industria perpunuese,86989.58,2.0
2025.0,9.0,Tregtia me shumice dhe pakice; Riparimi i mjeteve motorike dhe motoeikletave,78164.07,23.0
2021.0,12.0,Industria perpunuese,42275.87,3.0
2021.0,1.0,Tregtia me shumice dhe pakice; Riparimi i mjeteve motorike dhe motoeikletave,1120.34,2.0
2019.0,4.0,Furnizimi me uje; Kanalizimi; Aktivitetet e menaxhimit dhe te trajtimit te mbeturinave,12719.35,1.0
2021.0,9.0,Tregtia me shumice dhe pakice; Riparimi i mjeteve motorike dhe motoeikletave,98475.29,2.0
2019.0,11.0,Tregtia me shumice dhe pakice; Riparimi i mjeteve motorike dhe motoeikletave,14685.63,2.0
2025.0,2.0,"Artet, Argetimi dhe rekreacioni",17386.33,1.0
2019.0,12.0,Tregtia me shumice dhe pakice; Riparimi i mjeteve motorike dhe motoeikletave,1499034.35,20.0
2019.0,2.0,Sherbimet administrative dhe mbeshtetese,0.0,1.0
2021.0,11.0,Industria perpunuese,56280.64,3.0
2019.0,4.0,Sherbimet administrative dhe mbeshtetese,10071.47,2.0
2020.0,1.0,Tregtia me shumice dhe pakice; Riparimi i mjeteve motorike dhe motoeikletave,8631.79,2.0
2022.0,2.0,Aktivitetet e tjera sherbyese,-666.86,1.0
2021.0,12.0,Ndertimtaria,0.0,1.0
2024.0,9.0,Tregtia me shumice dhe pakice; Riparimi i mjeteve motorike dhe motoeikletave,338413.97,1.0
2024.0,6.0,Industria nxjerrese,285043.82,7.0
2023.0,10.0,Sherbimet administrative dhe mbeshtetese,374751.19,10.0
2024.0,9.0,Industria perpunuese,1834.4,3.0
2021.0,9.0,Informimi dhe komunikimi,98893.8,2.0
2025.0,7.0,Bujqesia;Pylltaria dhe Peshkimi,0.0,1.0
2020.0,7.0,Bujqesia;Pylltaria dhe Peshkimi,0.0,1.0
2024.0,12.0,Industria perpunuese,15905.5,11.0
2023.0,8.0,Informimi dhe komunikimi,0.0,1.0
2024.0,6.0,Aktivitetet e shendetit te njeriut dhe te punes sociale,3865.0,1.0
2020.0,4.0,Ndertimtaria,0.0,7.0
2019.0,2.0,Sherbimet administrative dhe mbeshtetese,395564.9,5.0
2020.0,7.0,Industria perpunuese,4175.04,1.0
2025.0,9.0,Aktivitetet e shendetit te njeriut dhe te punes sociale,56358.1,10.0
2021.0,6.0,Ndertimtaria,630.0,4.0
2025.0,10.0,Akomodimi dhe sherbimi ushqimor,128942.08,7.0
2021.0,1.0,Aktivitetet e patundshmerise,0.0,2.0
2020.0,4.0,"Artet, Argetimi dhe rekreacioni",0.0,1.0
2019.0,3.0,Aktivitetet e shendetit te njeriut dhe te punes sociale,44881.79,17.0
2022.0,11.0,Ndertimtaria,139123.47,9.0
2023.0,4.0,Industria perpunuese,249077.36,9.0
2025.0,11.0,Ndertimtaria,144815.97,2.0
2021.0,2.0,Ndertimtaria,0.0,1.0
2021.0,8.0,Industria perpunuese,808.49,1.0
2024.0,2.0,"Aktivitetet profesionale, shkencore dhe teknike",2488.47,1.0
2025.0,11.0,Ndertimtaria,99465.85,9.0
2022.0,12.0,Bujqesia;Pylltaria dhe Peshkimi,15161.51,5.0
2019.0,3.0,Ndertimtaria,2000.0,6.0
2024.0,11.0,Ndertimtaria,18900.0,5.0
2025.0,11.0,Industria perpunuese,974754.51,3.0
2020.0,1.0,"Artet, Argetimi dhe rekreacioni",0.0,1.0
2025.0,6.0,"Artet, Argetimi dhe rekreacioni",1869.5,2.0
2025.0,6.0,Tregtia me shumice dhe pakice; Riparimi i mjeteve motorike dhe motoeikletave,319454.78,3.0
2025.0,3.0,Aktivitetet e patundshmerise,0.0,2.0
2021.0,11.0,Arsimi,0.0,1.0
2024.0,4.0,Industria perpunuese,7321.87,2.0
2024.0,9.0,Tregtia me shumice dhe pakice; Riparimi i mjeteve motorike dhe motoeikletave,156464.97,38.0
2025.0,11.0,Sherbimet administrative dhe mbeshtetese,0.0,1.0
2025.0,4.0,Ndertimtaria,9244.36,4.0
2023.0,8.0,"Artet, Argetimi dhe rekreacioni",3499.15,1.0
2022.0,4.0,Tregtia me shumice dhe pakice; Riparimi i mjeteve motorike dhe motoeikletave,42400.8,8.0
2019.0,11.0,Akomodimi dhe sherbimi ushqimor,78767.91,10.0
2022.0,11.0,Tregtia me shumice dhe pakice; Riparimi i mjeteve motorike dhe motoeikletave,4407.79,1.0
2025.0,12.0,Bujqesia;Pylltaria dhe Peshkimi,3215.0,3.0
2019.0,11.0,Industria nxjerrese,11976.1,1.0
2023.0,9.0,Transporti dhe magazinimi,1246397.99,19.0
2023.0,1.0,Tregtia me shumice dhe pakice; Riparimi i mjeteve motorike dhe motoeikletave,29091.1,3.0
2024.0,11.0,Industria perpunuese,88.14,1.0
2024.0,1.0,Tregtia me shumice dhe pakice; Riparimi i mjeteve motorike dhe motoeikletave,101895.36,1.0
2024.0,3.0,Bujqesia;Pylltaria dhe Peshkimi,22681.0,12.0
2024.0,4.0,Tregtia me shumice dhe pakice; Riparimi i mjeteve motorike dhe motoeikletave,8150037.49,3.0
2025.0,12.0,Tregtia me shumice dhe pakice; Riparimi i mjeteve motorike dhe motoeikletave,1222456.26,86.0
2019.0,11.0,Industria perpunuese,5211.53,1.0
2024.0,9.0,Ndertimtaria,0.0,2.0
2024.0,10.0,Aktivitetet e tjera sherbyese,50001.37,1.0
2021.0,11.0,Tregtia me shumice dhe pakice; Riparimi i mjeteve motorike dhe motoeikletave,2413016.13,3.0
2019.0,8.0,Bujqesia;Pylltaria dhe Peshkimi,15911.1,1.0
2020.0,4.0,Industria perpunuese,172759.01,2.0
2024.0,9.0,Industria perpunuese,8744.9,1.0
2023.0,12.0,Tregtia me shumice dhe pakice; Riparimi i mjeteve motorike dhe motoeikletave,19847.89,1.0
2019.0,7.0,Industria perpunuese,68485.13,3.0
2021.0,5.0,Tregtia me shumice dhe pakice; Riparimi i mjeteve motorike dhe motoeikletave,83888.12,10.0
2021.0,5.0,Administrimi publik dhe mbrojtja; Sigurimi social i detyrueshem,4000.0,3.0
2022.0,7.0,Industria perpunuese,108694.77,4.0
2022.0,5.0,Industria perpunuese,1500.0,1.0
2025.0,3.0,Tregtia me shumice dhe pakice; Riparimi i mjeteve motorike dhe motoeikletave,11168.82,4.0
2024.0,4.0,Industria perpunuese,92118.64,3.0
2022.0,11.0,Ndertimtaria,4429.83,1.0
2019.0,8.0,"Aktivitetet profesionale, shkencore dhe teknike",318325.91,6.0
2019.0,4.0,Industria perpunuese,214257.05,10.0
2019.0,11.0,Sherbimet administrative dhe mbeshtetese,16319.5,2.0
2021.0,4.0,Akomodimi dhe sherbimi ushqimor,2634.99,3.0
2025.0,12.0,Aktivitetet e shendetit te njeriut dhe te punes sociale,9990.0,1.0
2020.0,2.0,Tregtia me shumice dhe pakice; Riparimi i mjeteve motorike dhe motoeikletave,0.0,3.0
2025.0,8.0,Transporti dhe magazinimi,3017.37,1.0
2022.0,10.0,Informimi dhe komunikimi,0.0,2.0
2025.0,5.0,Industria perpunuese,3235.59,1.0
2020.0,4.0,Furnizimi me uje; Kanalizimi; Aktivitetet e menaxhimit dhe te trajtimit te mbeturinave,336.0,1.0
2019.0,1.0,Tregtia me shumice dhe pakice; Riparimi i mjeteve motorike dhe motoeikletave,27368.43,2.0
2019.0,11.0,Sherbimet administrative dhe mbeshtetese,4767.02,1.0
2019.0,3.0,Tregtia me shumice dhe pakice; Riparimi i mjeteve motorike dhe motoeikletave,59705.85,26.0
2021.0,7.0,Ndertimtaria,8474.58,1.0
2022.0,9.0,Aktivitetet e patundshmerise,25698.09,1.0
2020.0,5.0,Industria perpunuese,1930.51,7.0
2020.0,9.0,"Aktivitetet profesionale, shkencore dhe teknike",0.0,1.0
2024.0,3.0,Furnizimi me uje; Kanalizimi; Aktivitetet e menaxhimit dhe te trajtimit te mbeturinave,59203.01,5.0
2025.0,2.0,Sherbimet administrative dhe mbeshtetese,160726.72,16.0
2024.0,2.0,Industria perpunuese,2898658.43,33.0
2022.0,4.0,Industria perpunuese,841.36,1.0
2022.0,7.0,"Aktivitetet profesionale, shkencore dhe teknike",1169.49,2.0
2025.0,9.0,Ndertimtaria,3518.0,3.0
2024.0,12.0,Industria perpunuese,28560.0,5.0
2025.0,9.0,Furnizimi me uje; Kanalizimi; Aktivitetet e menaxhimit dhe te trajtimit te mbeturinave,1466951.93,1.0
2020.0,6.0,Aktivitetet e shendetit te njeriut dhe te punes sociale,7292.0,9.0
2022.0,6.0,Aktivitetet financiare dhe te sigurimit,799.0,1.0
2020.0,8.0,"Aktivitetet profesionale, shkencore dhe teknike",0.0,2.0
2024.0,9.0,Aktivitetet e patundshmerise,4300.0,1.0
2021.0,4.0,Tregtia me shumice dhe pakice; Riparimi i mjeteve motorike dhe motoeikletave,8888.08,3.0
2019.0,11.0,Ndertimtaria,19790.02,1.0
2024.0,6.0,Industria nxjerrese,95549.15,6.0
2021.0,9.0,Sherbimet administrative dhe mbeshtetese,1827.0,1.0
2024.0,7.0,"Aktivitetet profesionale, shkencore dhe teknike",198993.25,29.0
2024.0,9.0,Bujqesia;Pylltaria dhe Peshkimi,950.0,2.0
2023.0,6.0,Aktivitetet e tjera sherbyese,0.0,2.0
2022.0,9.0,"Artet, Argetimi dhe rekreacioni",240821.92,2.0
2025.0,12.0,Tregtia me shumice dhe pakice; Riparimi i mjeteve motorike dhe motoeikletave,27965.99,7.0
2025.0,8.0,Tregtia me shumice dhe pakice; Riparimi i mjeteve motorike dhe motoeikletave,16664.88,1.0
2022.0,2.0,Tregtia me shumice dhe pakice; Riparimi i mjeteve motorike dhe motoeikletave,6668758.95,2.0
2022.0,8.0,Informimi dhe komunikimi,20294.95,3.0
2024.0,6.0,Tregtia me shumice dhe pakice; Riparimi i mjeteve motorike dhe motoeikletave,58096.99,3.0
2024.0,5.0,Tregtia me shumice dhe pakice; Riparimi i mjeteve motorike dhe motoeikletave,12547.26,3.0
2021.0,10.0,Akomodimi dhe sherbimi ushqimor,5544.45,1.0
2023.0,9.0,Aktivitetet e shendetit te njeriut dhe te punes sociale,44792.0,1.0
2023.0,2.0,"Artet, Argetimi dhe rekreacioni",10260.84,2.0
2025.0,4.0,Tregtia me shumice dhe pakice; Riparimi i mjeteve motorike dhe motoeikletave,194544.93,9.0
2019.0,10.0,Industria perpunuese,0.0,2.0
2019.0,10.0,Ndertimtaria,0.0,1.0
2025.0,11.0,Tregtia me shumice dhe pakice; Riparimi i mjeteve motorike dhe motoeikletave,266945.03,2.0
2024.0,8.0,Akomodimi dhe sherbimi ushqimor,3596.95,2.0
2020.0,12.0,Tregtia me shumice dhe pakice; Riparimi i mjeteve motorike dhe motoeikletave,12665.05,8.0
2021.0,4.0,Ndertimtaria,0.0,3.0
2024.0,5.0,Tregtia me shumice dhe pakice; Riparimi i mjeteve motorike dhe motoeikletave,18494.26,2.0
2024.0,7.0,"Aktivitetet profesionale, shkencore dhe teknike",10564.14,3.0
2025.0,7.0,Tregtia me shumice dhe pakice; Riparimi i mjeteve motorike dhe motoeikletave,0.0,2.0
2022.0,10.0,Industria perpunuese,146942.98,1.0
2021.0,8.0,Bujqesia;Pylltaria dhe Peshkimi,0.0,1.0
2020.0,1.0,Administrimi publik dhe mbrojtja; Sigurimi social i detyrueshem,10397.72,1.0
2022.0,6.0,Bujqesia;Pylltaria dhe Peshkimi,852.6,4.0
2019.0,10.0,Bujqesia;Pylltaria dhe Peshkimi,55106.68,1.0
2023.0,4.0,Industria perpunuese,2075.49,4.0
2024.0,9.0,Arsimi,0.0,1.0
2020.0,2.0,"Aktivitetet profesionale, shkencore dhe teknike",15041.96,2.0
2024.0,2.0,Tregtia me shumice dhe pakice; Riparimi i mjeteve motorike dhe motoeikletave,816.46,1.0
2020.0,7.0,Tregtia me shumice dhe pakice; Riparimi i mjeteve motorike dhe motoeikletave,1092.04,1.0
2020.0,8.0,Ndertimtaria,2120.3,2.0
2025.0,5.0,Industria perpunuese,0.0,1.0
2021.0,3.0,Administrimi publik dhe mbrojtja; Sigurimi social i detyrueshem,6933.14,3.0
2019.0,9.0,Tregtia me shumice dhe pakice; Riparimi i mjeteve motorike dhe motoeikletave,1085.5,1.0
2020.0,2.0,Industria perpunuese,4919.07,3.0
2023.0,10.0,Industria perpunuese,22984.61,1.0
2020.0,5.0,Bujqesia;Pylltaria dhe Peshkimi,5434.65,1.0
2025.0,8.0,Tregtia me shumice dhe pakice; Riparimi i mjeteve motorike dhe motoeikletave,0.0,1.0
2021.0,2.0,Akomodimi dhe sherbimi ushqimor,178089.9,19.0
2023.0,12.0,Aktivitetet e patundshmerise,0.0,2.0
2020.0,3.0,Tregtia me shumice dhe pakice; Riparimi i mjeteve motorike dhe motoeikletave,0.0,1.0
2022.0,9.0,"Artet, Argetimi dhe rekreacioni",1000.0,1.0
2019.0,1.0,Aktivitetet financiare dhe te sigurimit,0.0,2.0
2019.0,8.0,Industria perpunuese,384859.57,4.0
2023.0,1.0,Tregtia me shumice dhe pakice; Riparimi i mjeteve motorike dhe motoeikletave,589.42,1.0
2024.0,7.0,Industria perpunuese,396502.12,1.0
2025.0,4.0,Industria perpunuese,8127.12,1.0
2021.0,6.0,Ndertimtaria,1250.0,1.0
2022.0,10.0,Sherbimet administrative dhe mbeshtetese,0.0,1.0
2025.0,12.0,Ndertimtaria,29433.0,1.0
2020.0,10.0,Tregtia me shumice dhe pakice; Riparimi i mjeteve motorike dhe motoeikletave,52504.82,2.0
2022.0,9.0,Ndertimtaria,42339.68,7.0
2023.0,1.0,Tregtia me shumice dhe pakice; Riparimi i mjeteve motorike dhe motoeikletave,182784.86,1.0
2024.0,8.0,Bujqesia;Pylltaria dhe Peshkimi,0.0,4.0
2022.0,8.0,"Furnizimi me rryme, gaz, avull dhe ajer te kondicionuar",0.0,1.0
2022.0,8.0,Sherbimet administrative dhe mbeshtetese,11860.0,5.0
2025.0,10.0,Industria perpunuese,131322.97,1.0
2025.0,6.0,Tregtia me shumice dhe pakice; Riparimi i mjeteve motorike dhe motoeikletave,4417.8,1.0
2023.0,8.0,Tregtia me shumice dhe pakice; Riparimi i mjeteve motorike dhe motoeikletave,9339.17,1.0
2022.0,9.0,Tregtia me shumice dhe pakice; Riparimi i mjeteve motorike dhe motoeikletave,337636.82,72.0
2024.0,11.0,Industria perpunuese,137747.08,1.0
2022.0,3.0,Aktivitetet e shendetit te njeriut dhe te punes sociale,0.0,1.0
2022.0,11.0,"Aktivitetet profesionale, shkencore dhe teknike",0.0,1.0
2022.0,4.0,Ndertimtaria,4660.91,1.0
2021.0,12.0,Aktivitetet e tjera sherbyese,18374.88,17.0
2025.0,2.0,Sherbimet administrative dhe mbeshtetese,629840.0,1.0
2022.0,1.0,Industria perpunuese,762300.02,4.0
2023.0,4.0,Tregtia me shumice dhe pakice; Riparimi i mjeteve motorike dhe motoeikletave,0.0,2.0
2025.0,6.0,Tregtia me shumice dhe pakice; Riparimi i mjeteve motorike dhe motoeikletave,30695.28,2.0
2021.0,9.0,Tregtia me shumice dhe pakice; Riparimi i mjeteve motorike dhe motoeikletave,6015.3,3.0
2019.0,7.0,Tregtia me shumice dhe pakice; Riparimi i mjeteve motorike dhe motoeikletave,338178.83,16.0
2024.0,12.0,Tregtia me shumice dhe pakice; Riparimi i mjeteve motorike dhe motoeikletave,42108.0,1.0
2022.0,3.0,Tregtia me shumice dhe pakice; Riparimi i mjeteve motorike dhe motoeikletave,45259.4,1.0
2023.0,4.0,Ndertimtaria,0.0,1.0
2023.0,12.0,Informimi dhe komunikimi,99316.0,5.0
2024.0,2.0,Ndertimtaria,36351.69,1.0
2025.0,1.0,"Aktivitetet profesionale, shkencore dhe teknike",0.0,1.0
2020.0,2.0,Tregtia me shumice dhe pakice; Riparimi i mjeteve motorike dhe motoeikletave,171323.82,1.0
2021.0,3.0,"Aktivitetet profesionale, shkencore dhe teknike",0.0,1.0
2023.0,8.0,Ndertimtaria,0.0,1.0
2024.0,1.0,Industria perpunuese,0.0,2.0
2021.0,3.0,"Aktivitetet profesionale, shkencore dhe teknike",4205.5,6.0
2023.0,6.0,Industria nxjerrese,0.0,1.0
2025.0,5.0,Ndertimtaria,59993.21,6.0
2024.0,12.0,Ndertimtaria,847.45,2.0
2022.0,9.0,Ndertimtaria,33097.39,5.0
2022.0,7.0,"Artet, Argetimi dhe rekreacioni",5390.19,2.0
2024.0,7.0,Ndertimtaria,3102.31,3.0
2023.0,3.0,Bujqesia;Pylltaria dhe Peshkimi,850.0,2.0
2022.0,12.0,Industria perpunuese,1900.5,1.0
2019.0,7.0,"Aktivitetet profesionale, shkencore dhe teknike",13771.94,2.0
2023.0,8.0,Administrimi publik dhe mbrojtja; Sigurimi social i detyrueshem,2877.71,1.0
2021.0,4.0,"Aktivitetet profesionale, shkencore dhe teknike",6669.79,2.0
2021.0,11.0,Aktivitetet e shendetit te njeriut dhe te punes sociale,8672.0,2.0
2025.0,3.0,Tregtia me shumice dhe pakice; Riparimi i mjeteve motorike dhe motoeikletave,17322.22,8.0
2025.0,2.0,"Artet, Argetimi dhe rekreacioni",942.37,1.0
2024.0,5.0,Ndertimtaria,22919.04,9.0
2023.0,6.0,Tregtia me shumice dhe pakice; Riparimi i mjeteve motorike dhe motoeikletave,598920.67,24.0
2020.0,2.0,Industria perpunuese,301657.28,2.0
2019.0,9.0,Transporti dhe magazinimi,3907.0,82.0
2025.0,2.0,Informimi dhe komunikimi,55657.75,1.0
2019.0,3.0,Person Fizik,0.0,5.0
2024.0,11.0,Industria perpunuese,21814.8,2.0
2020.0,4.0,Mungon aktiviteti,0.0,3.0
2021.0,2.0,"Artet, Argetimi dhe rekreacioni",1525.42,1.0
2020.0,8.0,"Artet, Argetimi dhe rekreacioni",0.0,1.0
2021.0,5.0,Industria perpunuese,262510.64,2.0
2021.0,3.0,Aktivitetet e tjera sherbyese,1632.5,1.0
2022.0,5.0,Tregtia me shumice dhe pakice; Riparimi i mjeteve motorike dhe motoeikletave,83.88,1.0
2025.0,4.0,Bujqesia;Pylltaria dhe Peshkimi,338.98,3.0
2022.0,9.0,Aktivitetet financiare dhe te sigurimit,5006.85,2.0
2021.0,12.0,Aktivitetet financiare dhe te sigurimit,9810.1,1.0
2019.0,5.0,Industria perpunuese,332697.44,13.0
2019.0,1.0,Industria perpunuese,254.24,3.0
2025.0,3.0,Tregtia me shumice dhe pakice; Riparimi i mjeteve motorike dhe motoeikletave,12535.78,6.0
2021.0,10.0,Industria perpunuese,1090.0,1.0
2021.0,2.0,Sherbimet administrative dhe mbeshtetese,101909.49,2.0
2020.0,1.0,Informimi dhe komunikimi,122911.71,3.0
2023.0,5.0,"Aktivitetet profesionale, shkencore dhe teknike",50366.53,6.0
2020.0,3.0,Sherbimet administrative dhe mbeshtetese,0.0,1.0
2023.0,7.0,Tregtia me shumice dhe pakice; Riparimi i mjeteve motorike dhe motoeikletave,18405.29,1.0
2025.0,4.0,Tregtia me shumice dhe pakice; Riparimi i mjeteve motorike dhe motoeikletave,19881.36,2.0
2024.0,2.0,Administrimi publik dhe mbrojtja; Sigurimi social i detyrueshem,4000.0,3.0
2020.0,11.0,Industria perpunuese,555.92,2.0
2023.0,2.0,Informimi dhe komunikimi,1857.6,1.0
2020.0,8.0,Industria perpunuese,91464.03,3.0
2024.0,11.0,Industria perpunuese,31304.61,1.0
2021.0,7.0,Tregtia me shumice dhe pakice; Riparimi i mjeteve motorike dhe motoeikletave,3062.14,1.0
2023.0,9.0,Industria perpunuese,3740.0,1.0
2020.0,6.0,Tregtia me shumice dhe pakice; Riparimi i mjeteve motorike dhe motoeikletave,5964.26,1.0
2024.0,10.0,Tregtia me shumice dhe pakice; Riparimi i mjeteve motorike dhe motoeikletave,89818.88,6.0
2020.0,2.0,"Aktivitetet profesionale, shkencore dhe teknike",0.0,1.0
2019.0,11.0,Industria perpunuese,69994.87,2.0
2023.0,3.0,"Artet, Argetimi dhe rekreacioni",2890.0,1.0
2021.0,3.0,Industria perpunuese,1190.0,1.0
2023.0,1.0,Tregtia me shumice dhe pakice; Riparimi i mjeteve motorike dhe motoeikletave,3047.08,3.0
2025.0,7.0,Industria perpunuese,20147.82,2.0
2022.0,3.0,Tregtia me shumice dhe pakice; Riparimi i mjeteve motorike dhe motoeikletave,3645.09,2.0
2024.0,12.0,"Aktivitetet profesionale, shkencore dhe teknike",6721.9,4.0
2024.0,12.0,Tregtia me shumice dhe pakice; Riparimi i mjeteve motorike dhe motoeikletave,761013.66,1.0
2025.0,6.0,Bujqesia;Pylltaria dhe Peshkimi,9411.69,20.0
2020.0,2.0,Industria perpunuese,59404.97,2.0
2019.0,3.0,Informimi dhe komunikimi,0.0,1.0
2023.0,6.0,Tregtia me shumice dhe pakice; Riparimi i mjeteve motorike dhe motoeikletave,4716.0,2.0
2021.0,11.0,Tregtia me shumice dhe pakice; Riparimi i mjeteve motorike dhe motoeikletave,55657.55,4.0
2025.0,11.0,Ndertimtaria,0.0,3.0
2019.0,7.0,"Aktivitetet profesionale, shkencore dhe teknike",23521.88,2.0
2024.0,3.0,Tregtia me shumice dhe pakice; Riparimi i mjeteve motorike dhe motoeikletave,22033.91,2.0
2022.0,3.0,Sherbimet administrative dhe mbeshtetese,2839.0,6.0
2023.0,6.0,Tregtia me shumice dhe pakice; Riparimi i mjeteve motorike dhe motoeikletave,1511729.72,261.0
2020.0,5.0,Tregtia me shumice dhe pakice; Riparimi i mjeteve motorike dhe motoeikletave,610575.68,15.0
2019.0,1.0,Informimi dhe komunikimi,692.8,2.0
2020.0,10.0,Industria perpunuese,48540.16,4.0
2022.0,6.0,"Artet, Argetimi dhe rekreacioni",0.0,1.0
2021.0,2.0,Tregtia me shumice dhe pakice; Riparimi i mjeteve motorike dhe motoeikletave,1661.52,1.0
2019.0,12.0,Bujqesia;Pylltaria dhe Peshkimi,6958.36,1.0
2023.0,11.0,"Aktivitetet profesionale, shkencore dhe teknike",0.0,1.0
2019.0,2.0,Aktivitetet e shendetit te njeriut dhe te punes sociale,74220.78,15.0
2022.0,9.0,Tregtia me shumice dhe pakice; Riparimi i mjeteve motorike dhe motoeikletave,2101.0,1.0
2025.0,9.0,Tregtia me shumice dhe pakice; Riparimi i mjeteve motorike dhe motoeikletave,774.58,2.0
2023.0,10.0,Sherbimet administrative dhe mbeshtetese,1571425.3,51.0
2022.0,3.0,Ndertimtaria,53948.69,9.0
2025.0,10.0,Industria perpunuese,994.82,1.0
2022.0,12.0,Sherbimet administrative dhe mbeshtetese,59708.92,5.0
2024.0,7.0,Tregtia me shumice dhe pakice; Riparimi i mjeteve motorike dhe motoeikletave,1347271.32,3.0
2020.0,1.0,Industria perpunuese,40593.97,1.0
2024.0,8.0,Industria perpunuese,37304.89,8.0
2023.0,1.0,Industria perpunuese,155163.67,3.0
2021.0,11.0,Bujqesia;Pylltaria dhe Peshkimi,1101.69,1.0
2025.0,4.0,Tregtia me shumice dhe pakice; Riparimi i mjeteve motorike dhe motoeikletave,1306.28,1.0
2021.0,9.0,Industria perpunuese,63114.61,7.0
2023.0,12.0,Bujqesia;Pylltaria dhe Peshkimi,10273.14,1.0
2023.0,4.0,Tregtia me shumice dhe pakice; Riparimi i mjeteve motorike dhe motoeikletave,3906253.84,34.0
2020.0,5.0,Industria perpunuese,0.0,2.0
2019.0,2.0,Tregtia me shumice dhe pakice; Riparimi i mjeteve motorike dhe motoeikletave,0.0,1.0
2021.0,8.0,Ndertimtaria,345145.36,3.0
2020.0,7.0,Ndertimtaria,41626.78,1.0
2024.0,7.0,Tregtia me shumice dhe pakice; Riparimi i mjeteve motorike dhe motoeikletave,413.56,1.0
2021.0,2.0,Industria perpunuese,0.0,2.0
2023.0,8.0,Tregtia me shumice dhe pakice; Riparimi i mjeteve motorike dhe motoeikletave,46879.99,3.0
2020.0,11.0,Ndertimtaria,1118.64,1.0
2023.0,6.0,Akomodimi dhe sherbimi ushqimor,57298.2,48.0
2019.0,9.0,"Aktivitetet profesionale, shkencore dhe teknike",731.0,1.0
2024.0,1.0,Industria perpunuese,51235.95,3.0
2025.0,7.0,Industria perpunuese,3369.92,2.0
2019.0,6.0,Industria perpunuese,67241.7,1.0
2020.0,11.0,Tregtia me shumice dhe pakice; Riparimi i mjeteve motorike dhe motoeikletave,0.0,1.0
2021.0,8.0,Industria perpunuese,18208.13,1.0
2019.0,9.0,Aktivitetet e tjera sherbyese,35410.0,39.0
2025.0,1.0,Tregtia me shumice dhe pakice; Riparimi i mjeteve motorike dhe motoeikletave,56078.67,14.0
2025.0,5.0,"Aktivitetet profesionale, shkencore dhe teknike",6443.13,1.0
2025.0,8.0,Ndertimtaria,1290478.7,38.0
2023.0,12.0,Ndertimtaria,106969.24,16.0
2025.0,7.0,Aktivitetet e patundshmerise,0.0,1.0
