mean_fit_time,std_fit_time,mean_score_time,std_score_time,param_n_estimators,param_min_samples_split,param_min_samples_leaf,param_max_features,param_max_depth,param_class_weight,params,split0_test_score,split1_test_score,split2_test_score,split3_test_score,mean_test_score,std_test_score,rank_test_score,split0_train_score,split1_train_score,split2_train_score,split3_train_score,mean_train_score,std_train_score
86.51320272684097,26.999657520743874,0.21009421348571777,0.15812726610925687,400,12,5,,16,balanced_subsample,"{'n_estimators': 400, 'min_samples_split': 12, 'min_samples_leaf': 5, 'max_features': None, 'max_depth': 16, 'class_weight': 'balanced_subsample'}",0.5619125956201457,0.5522450302713748,0.49847875626886107,0.28974752644148755,0.47559597715046725,0.10998739039030907,1,0.9114755693470498,0.8893704324448976,0.8801021758853246,0.8929893806807097,0.8934843895894954,0.011401051156583065
119.57176500558853,62.97299620653286,0.5327322483062744,0.23594679848211286,400,12,5,,,balanced,"{'n_estimators': 400, 'min_samples_split': 12, 'min_samples_leaf': 5, 'max_features': None, 'max_depth': None, 'class_weight': 'balanced'}",0.5592934320336532,0.5477176841490502,0.49688019131670363,0.2911887161186167,0.4737700059045059,0.107995976295753,2,0.9288511259374608,0.9257063400505047,0.9273343209767013,0.941165735697025,0.9307643806654229,0.006107327862450542
46.563630759716034,13.279946226424522,0.09155386686325073,0.038034114863052054,200,8,5,,16,balanced_subsample,"{'n_estimators': 200, 'min_samples_split': 8, 'min_samples_leaf': 5, 'max_features': None, 'max_depth': 16, 'class_weight': 'balanced_subsample'}",0.5550531344214292,0.5500698436847239,0.4989348299002496,0.29022915069426697,0.4735717396751674,0.10810754932801656,3,0.9202899162624524,0.8989830885886816,0.8879372013786263,0.8987981200615588,0.9015020815728297,0.01173291780117272
124.35430163145065,60.80669666479376,0.2769343852996826,0.08255030469199354,500,4,5,,12,balanced_subsample,"{'n_estimators': 500, 'min_samples_split': 4, 'min_samples_leaf': 5, 'max_features': None, 'max_depth': 12, 'class_weight': 'balanced_subsample'}",0.5631601854698088,0.5540479560312862,0.48401864393462973,0.2771129476584022,0.46958493327353173,0.11526505030477878,4,0.8471923234102907,0.7783491885439674,0.7482565869866526,0.7836303565714392,0.7893571138780875,0.036014354574940746
28.859952747821808,15.320860359102758,0.25838953256607056,0.12405945863731337,300,4,5,sqrt,,balanced,"{'n_estimators': 300, 'min_samples_split': 4, 'min_samples_leaf': 5, 'max_features': 'sqrt', 'max_depth': None, 'class_weight': 'balanced'}",0.5591626797317936,0.5432406343636639,0.4863585781637035,0.28861084376002566,0.46934318400479663,0.10779851278070572,5,0.9268573475569348,0.928108926992905,0.9292731972692447,0.9450102346388753,0.93231242661449,0.007380693399505002
35.03740072250366,16.447878786535686,0.35284823179244995,0.04198424374285556,400,12,3,sqrt,16,balanced_subsample,"{'n_estimators': 400, 'min_samples_split': 12, 'min_samples_leaf': 3, 'max_features': 'sqrt', 'max_depth': 16, 'class_weight': 'balanced_subsample'}",0.5556493164677286,0.5482531834687546,0.4864617396614035,0.2838952770739947,0.46856487916797035,0.10995122170219236,6,0.9202397584902227,0.8972471620148322,0.883676393737541,0.8921942975769851,0.8983394029548953,0.013542384596690594
26.22396618127823,12.960527515815432,0.19013506174087524,0.0992644532499714,300,12,2,log2,16,balanced_subsample,"{'n_estimators': 300, 'min_samples_split': 12, 'min_samples_leaf': 2, 'max_features': 'log2', 'max_depth': 16, 'class_weight': 'balanced_subsample'}",0.5530475051042736,0.543518363777744,0.4883224431961901,0.2836464495438688,0.4671336904055191,0.10877997596768307,7,0.9299750235708067,0.9038979610859933,0.8878374303979832,0.8997325586205123,0.9053607434188239,0.015384614740901444
41.40224069356918,18.999628648016046,0.5548015832901001,0.06454918291648162,500,8,3,log2,16,balanced,"{'n_estimators': 500, 'min_samples_split': 8, 'min_samples_leaf': 3, 'max_features': 'log2', 'max_depth': 16, 'class_weight': 'balanced'}",0.5484925576640167,0.5378814240693971,0.48725368372064387,0.2843919634940202,0.4645049072370194,0.10653194119836831,8,0.9471357075267339,0.9227053727125778,0.9069772397054295,0.9128945721866696,0.9224282230328528,0.015331014204885382
44.43245321512222,24.02690160489953,0.6269224882125854,0.24822935943201907,500,12,1,log2,16,balanced_subsample,"{'n_estimators': 500, 'min_samples_split': 12, 'min_samples_leaf': 1, 'max_features': 'log2', 'max_depth': 16, 'class_weight': 'balanced_subsample'}",0.5435296583549789,0.5445412591664439,0.4848246066240338,0.28349699768051856,0.46409813045649384,0.10703599926569386,9,0.9422005042821936,0.9140122328554027,0.898110201905519,0.9071291468538853,0.9153630214742502,0.016488871911796654
20.380075573921204,9.656636131989352,0.08935302495956421,0.014842988762227026,300,4,5,log2,12,balanced_subsample,"{'n_estimators': 300, 'min_samples_split': 4, 'min_samples_leaf': 5, 'max_features': 'log2', 'max_depth': 12, 'class_weight': 'balanced_subsample'}",0.5611519503417518,0.5540659598711288,0.4706294397041184,0.26793891407818454,0.46344656599879586,0.1183565083862853,10,0.8318561630535241,0.7776220125354625,0.7411994841632984,0.7715124975519879,0.7805475393260682,0.03267657800611911
36.62182176113129,19.94898139734354,0.640084445476532,0.34958267379946134,400,6,3,sqrt,,balanced,"{'n_estimators': 400, 'min_samples_split': 6, 'min_samples_leaf': 3, 'max_features': 'sqrt', 'max_depth': None, 'class_weight': 'balanced'}",0.5474528689031127,0.5363763071504865,0.47948094380186923,0.2888290368090291,0.4630347891661244,0.10383100524811395,11,0.9792788294996235,0.976709584461922,0.9775324433453264,0.9827190240691298,0.9790599703440004,0.002307283360346905
37.037740767002106,17.35045233379529,0.4245917797088623,0.34089748864201225,500,12,2,sqrt,12,balanced_subsample,"{'n_estimators': 500, 'min_samples_split': 12, 'min_samples_leaf': 2, 'max_features': 'sqrt', 'max_depth': 12, 'class_weight': 'balanced_subsample'}",0.5610922227126774,0.5491553115310562,0.4702931780820762,0.2676148549497686,0.4620388918188946,0.11754751411537863,12,0.8495257916345441,0.7849414246405321,0.7479184144634173,0.7763025850645824,0.789672053950769,0.037171756338406574
42.39256364107132,19.34191585106017,0.4453698992729187,0.06767636532685535,500,6,2,sqrt,12,balanced_subsample,"{'n_estimators': 500, 'min_samples_split': 6, 'min_samples_leaf': 2, 'max_features': 'sqrt', 'max_depth': 12, 'class_weight': 'balanced_subsample'}",0.5521263310634211,0.5500187540206246,0.47327601545489956,0.26710068267100684,0.460630445802488,0.11616308182394226,13,0.8872185154238051,0.8116002795092111,0.7739721235923636,0.7897182286169425,0.8156272867855806,0.04343947721075234
20.346859753131866,8.725971361308067,0.19058489799499512,0.09895650955468606,200,6,2,log2,,balanced,"{'n_estimators': 200, 'min_samples_split': 6, 'min_samples_leaf': 2, 'max_features': 'log2', 'max_depth': None, 'class_weight': 'balanced'}",0.541109322400815,0.5323193290922866,0.4774791043143301,0.28800342759211656,0.45972779584988704,0.10209903423633837,14,0.9882948442570404,0.9862219935167099,0.9876268230614317,0.9904118289571534,0.9881388724480838,0.0015105692560444704
21.898146748542786,10.301084259604405,0.11696499586105347,0.030780893037086893,300,6,2,log2,12,balanced_subsample,"{'n_estimators': 300, 'min_samples_split': 6, 'min_samples_leaf': 2, 'max_features': 'log2', 'max_depth': 12, 'class_weight': 'balanced_subsample'}",0.5515350214608667,0.5463447154337333,0.473593806950752,0.2666123483613978,0.45952147305168745,0.11556029754928847,15,0.8854469103436445,0.8094010421974177,0.7748316009746751,0.7893995689244274,0.8147697806100412,0.04261098993535412
21.30945920944214,8.832508825880785,0.09037452936172485,0.008835819824136936,300,6,2,sqrt,12,balanced_subsample,"{'n_estimators': 300, 'min_samples_split': 6, 'min_samples_leaf': 2, 'max_features': 'sqrt', 'max_depth': 12, 'class_weight': 'balanced_subsample'}",0.5515350214608667,0.5463447154337333,0.473593806950752,0.2666123483613978,0.45952147305168745,0.11556029754928847,15,0.8854469103436445,0.8094010421974177,0.7748316009746751,0.7893995689244274,0.8147697806100412,0.04261098993535412
26.609687328338623,13.382084496936343,0.14155715703964233,0.04513859935859444,400,6,5,sqrt,10,balanced_subsample,"{'n_estimators': 400, 'min_samples_split': 6, 'min_samples_leaf': 5, 'max_features': 'sqrt', 'max_depth': 10, 'class_weight': 'balanced_subsample'}",0.5605133417211157,0.5468012815626736,0.45343578270853024,0.2528735632183908,0.45340599230267753,0.12289011387954943,17,0.7515674415828842,0.691627678654822,0.6555522685305395,0.6943822745145023,0.698282415820687,0.03436806688944942
19.55800372362137,8.959140761318045,0.0802384614944458,0.007544714459047424,300,4,3,log2,10,balanced_subsample,"{'n_estimators': 300, 'min_samples_split': 4, 'min_samples_leaf': 3, 'max_features': 'log2', 'max_depth': 10, 'class_weight': 'balanced_subsample'}",0.5537901869199874,0.5438431003619532,0.45426210062124817,0.2545234098116023,0.45160469942869774,0.12020596174773539,18,0.7783237051688695,0.7010767522461548,0.661663953174568,0.7040517286524682,0.7112790348105152,0.042169196912637805
18.843921542167664,9.397403651703087,0.0796937346458435,0.009607808665258474,300,2,1,log2,10,balanced_subsample,"{'n_estimators': 300, 'min_samples_split': 2, 'min_samples_leaf': 1, 'max_features': 'log2', 'max_depth': 10, 'class_weight': 'balanced_subsample'}",0.5417755457823195,0.5463992181181856,0.451207496965142,0.2538303437967115,0.44830315116558966,0.11852007734705754,19,0.8085104152455793,0.7219047493637524,0.6725284320242961,0.7093965927499065,0.7280850473458835,0.049855370137343494
90.98926913738251,47.65905582319737,0.2076401710510254,0.030249880653231125,500,12,1,,8,balanced,"{'n_estimators': 500, 'min_samples_split': 12, 'min_samples_leaf': 1, 'max_features': None, 'max_depth': 8, 'class_weight': 'balanced'}",0.5467540591197612,0.5356982716189232,0.4368571054801634,0.24082104654524428,0.440032620691023,0.12271584795601108,20,0.6666543654272847,0.6118280573163838,0.592572060955784,0.6354652393736345,0.6266299307682718,0.027654348671482348
99.76109445095062,47.445511063342714,0.2638081908226013,0.12033351577416468,500,8,1,,8,balanced_subsample,"{'n_estimators': 500, 'min_samples_split': 8, 'min_samples_leaf': 1, 'max_features': None, 'max_depth': 8, 'class_weight': 'balanced_subsample'}",0.5478488489009484,0.5354430283057092,0.4358998985742916,0.2404822182037372,0.4399184984961716,0.12304966007271795,21,0.6727805315890022,0.6141863386100662,0.59406259647823,0.6362904237961438,0.6293299726183605,0.029195532304815613
24.472818434238434,11.989033227157954,0.18440961837768555,0.10534576305800097,500,6,2,log2,8,balanced,"{'n_estimators': 500, 'min_samples_split': 6, 'min_samples_leaf': 2, 'max_features': 'log2', 'max_depth': 8, 'class_weight': 'balanced'}",0.5398120355540987,0.5324351351239526,0.4366056593513458,0.23737704918032787,0.43655746980243126,0.12199064957764358,22,0.6711992893338071,0.608761649851186,0.5841310917973499,0.6248844962797733,0.6222441318155291,0.03177247280071864
20.49637734889984,10.506108521676095,0.21317261457443237,0.15405996188469473,400,8,3,log2,8,balanced,"{'n_estimators': 400, 'min_samples_split': 8, 'min_samples_leaf': 3, 'max_features': 'log2', 'max_depth': 8, 'class_weight': 'balanced'}",0.5420699518847844,0.5315309002858309,0.4360195497450632,0.23640523830388005,0.43650641005488966,0.12269273723045969,23,0.660153838130575,0.6077327680173759,0.57870441898294,0.6250853681632521,0.6179190983235358,0.029481693772898616
20.44310027360916,8.471893325037021,0.0799797773361206,0.00551804796697013,300,6,1,log2,8,balanced_subsample,"{'n_estimators': 300, 'min_samples_split': 6, 'min_samples_leaf': 1, 'max_features': 'log2', 'max_depth': 8, 'class_weight': 'balanced_subsample'}",0.5394414279746428,0.5321277398535456,0.43262265920201415,0.23797050834303454,0.4355405838433093,0.1216212493098409,24,0.6668740737296012,0.60929454269545,0.5825527353578597,0.6243832160161373,0.620776141949762,0.03054049046194872
12.670638024806976,5.43673703685577,0.0723763108253479,0.021433753219519472,200,8,5,log2,8,balanced_subsample,"{'n_estimators': 200, 'min_samples_split': 8, 'min_samples_leaf': 5, 'max_features': 'log2', 'max_depth': 8, 'class_weight': 'balanced_subsample'}",0.539415247084695,0.5290303966976474,0.43386875531820007,0.23765836609873306,0.4349931912998189,0.12112933101317062,25,0.6495497698779377,0.6015024388353049,0.578920218357926,0.6245256359711984,0.6136245157605917,0.026271616396965493
